idx,smiles,largest_ring,num_rings,qed,no_unwanted_frags,mol_wt,num_HBA,num_HBD,logP,num_rotatable_bonds,tpsa,bridgehead_atoms,spiro_atoms
2,CNCC1CC(C)N(O)C2=CC=CC=C21,6,2,0.7763321330173019,True,206.141913196,3,2,1.9774,2,35.5,0,0
22,C=C(C)NC(N1C=CC=C(Br)C1N)C=2C=N[NH1]N=2,6,2,0.78102190388931,True,310.0541565800001,5,3,1.3194,4,82.86,0,0
39,COCCC(O)C(C1=CC=CC=C1)CCC=O,6,1,0.7034044081877389,True,236.1412445,3,1,2.1467,8,46.53,0,0
50,FC(F)C1=CC=CC=C1C2=CC=CC=C2C3COCCO3,6,3,0.8349027559584679,True,290.111836192,2,0,4.379100000000004,3,18.46,0,0
70,ClNC1=CC=C(Cl)C=C1CN2N=NN=C2CCC(=O)OCl,6,2,0.8063865995399624,True,348.9900075999999,7,1,2.5701,6,81.93,0,0
94,NCC=CN=CC=CC=CC=C(C1C=C(C#N)C=C1CC=2)N=2,6,2,0.6239930009491889,True,290.15314657600004,4,1,3.0065800000000014,5,74.53,0,0
112,C1C=C(O)C(=O)CC1CCC=O,6,1,0.6476149124782923,True,168.078644244,3,1,1.3865,3,54.37,0,0
124,O1NC=C(C2=CC=CN=N2)N=C1N=CC=C(C)C=CCCF,6,2,0.6700222968121073,True,301.133888352,6,1,2.598700000000001,5,71.75999999999999,0,0
154,CCCC=C1C=CC2=CC=CN=C21,6,2,0.6649774404561131,True,171.104799416,1,0,3.291900000000002,2,12.89,0,0
154,CCCC=C1N=CC2=CC=CN=C21,6,2,0.6728385455290324,True,172.100048384,2,0,2.655100000000001,2,25.25,0,0
176,FCC1=CC=CC=C1CCBr,6,1,0.6821484187510375,True,215.99499064,0,0,3.0935000000000015,3,0.0,0,0
190,FC(CNCC)CC1CCCCC1OCC=CC=CC=C,6,1,0.6099508964732443,True,295.2311428,2,1,4.197900000000003,10,21.259999999999998,0,0
212,OCCCCC(N)C1=NC=CN=C1NC(=O)C2=CC=CC=C2CCF,6,2,0.6053518307810557,True,346.180504196,5,3,2.4033000000000007,9,101.13,0,0
212,OCCCCC(N)C1=NN=CN=C1NC2=CC=CN=C2CCF,6,2,0.6029272709538717,True,320.176087512,7,3,1.6845999999999999,9,109.84,0,0
212,OCCCCC(N)C1=NC=CN=C1NC(=O)C2=CC=CC=C2F,6,2,0.6781124218504048,True,318.149204068,5,3,2.0304,7,101.13,0,0
212,OCCCCC(N)C1=NN=CN=C1NC(=O)C2=CC=CC=C2F,6,2,0.6651326280818995,True,319.144453036,6,3,1.4253999999999998,7,114.02000000000001,0,0
230,NCNC(=O)NCNC1=CC=C(Cl)C=C1Cl,6,1,0.6225449122517588,True,262.038816364,3,4,1.5782,4,79.17999999999999,0,0
257,O=CCC1OC2=CC=CC=C2C(C)C1C#N,6,2,0.7109647188104626,True,215.094628656,3,0,2.2798800000000004,2,50.09,0,0
258,CN(C)CC1=NC=CC=C1C(=O)C2=NC=CC=C2C3=CC=CC=C3,6,3,0.6763687241664215,True,317.152812228,4,0,3.436200000000002,5,46.09,0,0
258,CN(C)CC1=NC=CN=C1C(=O)C2=NC=CC=C2C3=CC=CC=C3,6,3,0.6770781635683778,True,318.148061196,5,0,2.831200000000001,5,58.980000000000004,0,0
258,CN(C)C1=NN=NC=C1C(=O)C2CC=CC=C2C3=CC=CC=C3,6,3,0.8129510551973351,True,306.148061196,5,0,2.780000000000001,4,58.980000000000004,0,0
258,CN(C)CC1=NC=CN=C1C(=O)C2CC=CC=C2,6,2,0.7571266563724434,True,243.137162164,4,0,1.8531999999999997,4,46.09,0,0
291,N1=C(C2=CC=CC=C2)C3=CC=CC=C3C1(O)O,6,3,0.7246747646382649,True,225.078978592,3,2,1.6324999999999994,1,52.82000000000001,0,0
291,C1=C(C2=CC=CC=C2)C3=NC=CC=C3C1=O,6,3,0.719220927118344,True,207.068413908,2,0,2.7096,1,29.96,0,0
291,N1C(C2=CC=CC=C2)C3=CC=CC=C3C1(Cl)Cl,6,3,0.6067311297469213,True,263.026854712,1,1,3.967100000000002,1,12.03,0,0
306,CCC(C)(C)NC(=O)C1=CC=CC=C1C#N,6,1,0.8434365195732052,True,216.126263132,2,1,2.47668,3,52.89,0,0
313,CC1=CNC(=O)N1CC(=O)N2CCCC2C3=CC=CC=C3CC=CCl,6,3,0.8911090804328401,True,359.14005462399996,3,1,3.1435200000000014,5,58.1,0,0
316,CC(N)CNC=CN=CC1=CC=CC=C1Cl,6,1,0.7715709460441557,True,237.10327519199998,3,2,2.1669,5,50.41,0,0
362,CC(C)C(C1NC)=CN=C1N2C=NN=C2NCC(C)CCC(F)F,5,2,0.7635491486192622,True,340.218701272,6,2,2.759500000000001,8,67.13,0,0
362,CC(C)N1C(NC2=NN=CN2O)NC=C1CCC3CCCCC3F,6,3,0.6923391422550642,True,338.223037704,7,3,2.6744000000000003,6,78.24,0,0
382,CCOC1=NC=CN=C1N2CCC3=CCCCC32,6,3,0.7670881774256229,True,245.152812228,4,0,2.5643000000000002,3,38.25000000000001,0,0
382,CCOC1=NC=NC2=C1NCN2CC34CCCCC3CCC5CCCC=C45,6,5,0.7765226438993758,True,368.257611644,5,1,4.761600000000005,4,50.28000000000001,0,0
394,CC=CC1=C(C=NC=C1)C2CC=CC3=CC=CC=C32,6,3,0.7515357642198497,True,247.136099544,1,0,4.6635000000000035,2,12.89,0,0
394,C1C=CC=C(C1=C)C2=CC=CC=C2C=N,6,2,0.6972881313500452,True,195.104799416,1,1,3.583770000000002,2,23.85,0,0
435,OC1=CC(=O)OC(C)=C1NC(=O)CC=CCCCl,6,1,0.6352910681385258,True,271.06113560800003,4,2,2.1675199999999997,5,79.53999999999999,0,0
435,OC1=CC(=O)OC(C)=C1NC(=O)CC(Cl)CC(Cl)=CCCl,6,1,0.7678897552609657,True,352.99884096799997,4,2,3.341420000000002,6,79.53999999999999,0,0
452,OC(C1=CC=CC=C1Cl)C=CCCl,6,1,0.608514821530381,True,216.0108703,1,1,3.168400000000002,3,20.23,0,0
452,OC(O)OC1=NC=CC=C1OC2=COCC2C(Cl)(Cl)Cl,6,2,0.6430062113901709,True,340.96245546,6,2,1.9653999999999998,4,81.04,0,0
460,NC1=CC=C(Cl)C=C1C2=NOC=C2CNC=O,6,2,0.6415733151775584,True,251.04615424,4,2,1.8232000000000002,4,81.15,0,0
469,CCC=NC1=CN=CC=C1Cl,6,1,0.6238083779080208,True,168.045425968,2,0,2.8473000000000015,2,25.25,0,0
501,CCCCCCC(C)CNC1=NC2=CC=CC=C2N=C1CC(C)=O,6,2,0.638061721527403,True,327.231062548,4,1,4.779700000000004,10,54.88,0,0
513,C=C(N)C=C1C=CN=CN1CCCCCC,6,1,0.6978629098238054,True,219.17354767199998,3,1,2.7806000000000015,6,41.62,0,0
535,OCCOCC1=CC=CC=C1,6,1,0.6566625245182875,True,152.083729624,2,1,1.1955,4,29.46,0,0
548,CC1C2CC(=O)C(C3=CC=CC=C3)CC2CCN1CCC=O,6,3,0.8019675120160994,True,299.18852904,3,0,3.048700000000002,4,37.38,0,0
548,CCC12CC(=O)CC(C3=CC=CC=C3C)C1CCN2CCC=O,6,3,0.7808260900919887,True,313.204179104,3,0,3.5012200000000027,5,37.38,0,0
585,COCCOC(C)CCC(=O)NC1=CC=CC=C1OCC(C)=O,6,1,0.6331458659252559,True,323.1732729,5,1,2.4246000000000008,11,73.86000000000001,0,0
596,CCC(CC(=O)NCCC1=CC=CC=C1)CC2=CC=CC=C2CC=O,6,2,0.6713103372903021,True,337.204179104,2,1,3.745700000000003,10,46.17,0,0
596,CCOC(C)C(=O)NC(CC1=CC=CC=C1)CC2=CC=CC2CC=O,6,2,0.6648680280355386,True,341.199093724,3,1,3.230400000000002,10,55.4,0,0
639,FC=NC=CCC1N(CC2=CC=C(F)C=C2F)CCCN1,6,2,0.8461573125510108,True,297.145282236,3,1,2.987800000000001,5,27.63,0,0
645,CC(C)=CC1=C(C)C(C2=C[NH1]C[NH1]2)C=C1C=3CCOC=3C=C,5,3,0.8300818289968871,True,296.18886338799996,3,2,3.6774000000000022,4,33.29,0,0
655,COC(=O)C(C=CC1=CNC2=CC=C(F)C=C2)C=C1C#CCF,6,2,0.6863067526726021,True,315.10708516000005,3,1,3.379800000000002,3,38.33,0,0
655,CCOC(=O)C(C=CC1=CNC2=CC=C(F)C=C2C)=C1C=CCF,6,2,0.7860411859764249,True,331.13838528800005,3,1,4.385120000000003,6,38.33,0,0
675,C(C1CC(=O)NC=C1CC)=CN(C)C=CCF,6,1,0.7970268526985019,True,238.148141448,2,1,2.3451000000000004,5,32.34,0,0
704,COC1=CC=C(Cl)C=C1C=CCC=O,6,1,0.7146669283886165,True,210.044757272,2,0,2.950800000000002,4,26.3,0,0
738,CC=CC=C(Cl)C(Cl)=C(Cl)NC(N1CNCC1)F,5,1,0.6031919106502157,True,313.03155874,3,2,3.037300000000002,5,27.299999999999997,0,0
742,C=C(C(=O)C1)CC1CC(=O)CC2=CC=CC=C2F,6,2,0.7654303673325616,True,246.10560794,2,0,2.862700000000001,4,34.14,0,0
787,CSC(=O)NC1=CC=CC=C1C(C)CC=O,6,1,0.8173711767524805,True,237.08234972,3,1,3.274000000000002,4,46.17,0,0
795,CN(CC1=CC=CN1)C=CN=O,5,1,0.6898685018902189,True,165.090211972,3,1,1.6841,4,48.46,0,0
796,CN(C)C1CC=C(F)C=C1OC2=C(C(=O)[NH1]C=C2)Cl,6,2,0.9273794329458103,True,284.072783588,3,1,2.4783,3,45.33,0,0
806,OCCCCCC1=NN=CC=C1C2=NN=CC3=CC=CC=C23,6,3,0.7077372350626369,True,294.148061196,5,1,2.791900000000001,6,71.79,0,0
806,CCCCCC1=NN=CC=C1C2=CC=CC=C2C3=CC=NC=N3,6,3,0.6358694119389358,True,304.16879664000004,4,0,4.333300000000004,6,51.56,0,0
806,CCCCCC1=NN=CC=C1C2=NC=NC=C2C3=NC=NC=C3,6,3,0.6511081022092794,True,306.159294576,6,0,3.123300000000002,6,77.34,0,0
806,CCCCCC1=NN=CC=C1C2=CC=CC=C2C3=NC=NC=C3,6,3,0.6358694119389359,True,304.16879664,4,0,4.333300000000003,6,51.56,0,0
806,CCCCCC1=NN=CC=C1,6,1,0.6148339487200184,True,150.115698448,2,0,2.2093,4,25.78,0,0
839,S=C(NC1=CC=C(F)C=C1C)C=CCCF,6,1,0.6355179489379313,True,241.073676856,1,1,3.789220000000002,4,12.03,0,0
840,CC=CC=C(C1=CC=NC=N1)F,6,1,0.6268813761512018,True,164.074976508,2,0,2.3631,2,25.78,0,0
863,CCC(C)C1=CC=CC=C1CCC=O,6,1,0.6507699515480312,True,190.135765196,1,0,3.3316000000000017,5,17.07,0,0
863,CCC(C)CC1=CC=CC=C1Br,6,1,0.7305588189018303,True,226.03571258,0,0,4.037700000000003,3,0.0,0,0
864,CCC(=O)NC(=S)N1CCN(C2=CC=NC=N2)CC1C3=CC=NC=C3,6,3,0.8364281410533791,True,356.14193026000004,6,1,1.5459999999999994,3,74.25,0,0
864,CCC(=O)NC(=S)N1CCN(C2=CC=NC=N2)CC1C3=CC=NO3,6,3,0.8280634279988887,True,346.121194816,7,1,1.1389999999999996,3,87.39,0,0
864,CCC(=O)NC(=S)N1CCN(C2=CC=NC=N2)C=C1C3=CC=NO3,6,3,0.8361748370680054,True,344.105544752,7,1,1.3962999999999999,3,87.39,0,0
881,CCOC=C1C=CN(CC(=O)NCC2CCCCC2)CC1=CF,6,2,0.76310185648991,True,322.205656324,3,1,3.2860000000000023,6,41.57,0,0
943,C1C2=CC=C(COC3CCCC3)C=C2N=N1,6,3,0.7572888150853515,True,216.126263132,3,0,3.7431000000000028,3,33.95,0,0
943,CC1=CC=C(COC2CCCC2)C=N1,6,2,0.732560102095957,True,191.131014164,2,0,2.8492200000000008,3,22.12,0,0
959,CNC(=O)CC1CN=CC2=CC=CC=C21,6,2,0.772144063610071,True,202.110613068,2,1,1.3388,2,41.46,0,0
959,CCC(C)ONCC1=CC=CC2=CC=CN=C12,6,2,0.8015263538378826,True,230.141913196,3,1,3.0545000000000018,5,34.15,0,0
959,CCNC(=O)C1CC=CC2=CC=CC=C21,6,2,0.7813357077006179,True,201.1153641,1,1,2.3232,2,29.1,0,0
959,CCNC(=O)NCC1N=CC2=CC=CC=C21,6,2,0.7912794200490814,True,217.1215121,2,2,1.4792999999999998,3,53.49,0,0
997,OC(CC1=NC2=CC=CC=C2S1)C3=CC=C4C(=C3)OCO4,6,4,0.8059561806403964,True,299.061614276,5,1,3.3011000000000017,3,51.58000000000001,0,0
997,OC(CC1=NC2=CC=CC=C2S1)C=CC3=CC=CC=C3OC,6,3,0.7762866274752495,True,311.097999784,4,1,3.921700000000003,5,42.35000000000001,0,0
1016,OCCC1CCCC1CCC=O,5,1,0.6383051178798255,True,170.130679816,2,1,1.7642,5,37.3,0,0
1028,C1OC=CC=C1C2=NN=CN2CC3CCCC3C,6,3,0.8215383035413906,True,245.152812228,4,0,2.6416000000000013,3,39.940000000000005,0,0
1028,COC=CC#CC1=NN=CN1CC2CCCC2C,5,2,0.6053252773022145,True,245.152812228,4,0,2.2259,3,39.940000000000005,0,0
1028,O1C=CC=C(C2=NN=CN2CC3CCCO3)C1CCC=CF,6,3,0.810390917421179,True,305.15395509999996,5,0,3.0164000000000017,6,49.17,0,0
1028,C1CC=CC=C1C2=NN=CN2CC3CCCC3C,6,3,0.8137564625520624,True,243.17354767199998,3,0,3.447700000000002,3,30.71,0,0
1028,OC=CC#CC1=NN=CN1CC2CCCC2C,5,2,0.6263747375715124,True,231.137162164,4,1,2.1375,2,50.940000000000005,0,0
1082,NC1CCCCC1CCC=O,6,1,0.6272486817813155,True,155.131014164,2,1,1.4829999999999999,3,43.09,0,0
1121,CCC(C)C(=O)OCC1CCC(=O)O1,5,1,0.6413591096616394,True,200.104858992,4,0,1.2812999999999999,4,52.60000000000001,0,0
1149,C1OCCC=C1C=CC(C(=O)O)C(C(=O)O)C(F)C=C,6,1,0.6965629535249843,True,284.10600186400006,3,2,1.815,7,83.83,0,0
1154,O=C(C)C1CN=CN=C1C=NC2=CN=CC=C2C#N,6,2,0.7609209449360069,True,253.096359972,6,0,1.34368,3,90.82999999999998,0,0
1159,CN(C)CC1=CC=CC=C1C(=O)CCF,6,1,0.6933729629302798,True,209.121592352,2,0,2.2905000000000006,5,20.310000000000002,0,0
1159,CN(C)CCC1=CC=CC=C1C(=O)CCCF,6,1,0.6795610823565369,True,237.15289248,2,0,2.7231000000000014,7,20.310000000000002,0,0
1183,COCCSCC(=O)N1CCNCC1C2=CC=CC#C2,6,2,0.7984916809015676,True,292.12454888,4,1,1.1394799999999998,6,41.57,0,0
1185,CC1=CC=C(Cl)C=C1NC(=O)NCCOCCCl,6,1,0.6249833932160449,True,290.058883112,2,2,3.0253200000000016,6,50.36,0,0
1200,CCCC(OC)(O)N1CC(=O)NCC1CC2=CC=CC=C2Cl,6,2,0.7822413144461394,True,326.13972027600005,4,2,1.7755,6,61.800000000000004,0,0
1231,CC1=CC=C(Cl)C=C1CCC=O,6,1,0.6574520735666757,True,182.049842652,1,0,2.7799200000000006,3,17.07,0,0
1233,CC=CC=C(S(=O)C1=CN=C(Cl)C=C1)Cl,6,1,0.6160430737937016,True,260.978190268,2,0,3.4989000000000017,3,29.96,0,0
1233,CC=CC=C(S(=O)C1=CC=C(Cl)C=C1)Cl,6,1,0.748332245842471,True,259.9829413,1,0,4.103900000000002,3,17.07,0,0
1236,FC1=CC=CC=C1C2=NN=C(C(F)(F)F)N=N2,6,2,0.7205467880414584,True,244.037209008,4,0,2.0915,1,51.56,0,0
1236,FC1=CC=C(Cl)C=C1C2=NN=C(N3CCOCC3)N=C2Cl,6,3,0.8479866429141921,True,328.02939455200004,5,0,2.8211000000000013,2,51.14,0,0
1236,NC1=CC=CC=C1C2=NN=C(C(F)(F)F)N=N2,6,2,0.7658943850964977,True,241.057529852,5,1,1.5345999999999997,1,77.58,0,0
1247,N=C1N=C(C)N=C1CC2=NC(C(F)(F)F)=NN2,5,2,0.8182750208090264,True,244.06842888399999,4,2,1.21627,2,90.13999999999999,0,0
1252,COCCC(=O)N1CC2=CC=CC=C2C1C=O,6,2,0.7364437867721507,True,233.10519334,3,0,1.3053,4,46.61,0,0
1273,CCC(C)NC(=O)CNC(=O)N1CCN(C(=O)C2=CC=C(F)C=C2Cl)CC1N=O,6,2,0.6756114000735607,True,427.142260116,5,2,1.9537,6,111.18,0,0
1329,O(C)CCCCSCC1CC=CC=C1F,6,1,0.6182520321182117,True,230.114064448,2,0,3.575700000000003,7,9.23,0,0
1330,CC=CC1=CC=C(Cl)N=C1NCCCC2=NC(O)OC(Cl)=N2,6,2,0.6137991776183761,True,342.065031112,6,2,3.259600000000002,6,79.10000000000001,0,0
1331,COCCC(C)PNC(=O)NC(=O)NCC1CCCO1,5,1,0.6165213067565962,True,305.150442878,4,3,1.1926999999999996,7,88.69000000000001,0,0
1335,C1C(C)C=CC=C1C=CC2=CN=CN=C2N=CN=CCl,6,2,0.6216499530551731,True,286.09852416,3,0,3.9391000000000034,4,50.5,0,0
1352,NOCOC1=NC(C2CCCCC2)=NC=C1Cl,6,2,0.6625210897655046,True,257.093104432,5,1,2.4043,4,70.26,0,0
1358,C1C=CC=CN1C(=O)C2NC(=O)N(CCC3CCCCC3)C2=O,6,3,0.6346573165877161,True,317.17394159599996,3,1,1.7892999999999997,4,69.72,0,0
1426,COC(C1=CC=CC=C1)CCC=O,6,1,0.6468063843067622,True,178.099379688,2,0,2.3532,5,26.3,0,0
1442,OSC1CC=CC=C1CCC=NC(=O)C2=CC=CC=C2CC,6,2,0.6111614241997166,True,315.129299912,3,1,4.701300000000004,6,49.660000000000004,0,0
1447,N1=C(NCNC=CC)CC2=C1C=CC3=CC=CC=C32,6,3,0.649361959478109,True,251.14224754399999,3,2,3.0962000000000014,3,36.42,0,0
1447,C(NCN)C1=CC=CC=C1[NH1]C2=CC=CC3=CC=CC=C23,6,3,0.6246420947565084,True,277.15789760800004,3,3,3.5892000000000017,5,50.08,0,0
1458,CCCCC(=O)CCC(NC1=CC=CC=C1)CCC=O,6,1,0.6211546920073275,True,275.18852904,3,1,3.985700000000003,11,46.17,0,0
1499,CC(C)OCC1=NC=CC=C1OCC(F)CCF,6,1,0.7186003071442795,True,259.138385288,3,0,3.0831000000000017,8,31.35,0,0
1499,CC(C)OCC1SC=CC=C1OCC(F)(F)F,6,1,0.7599681730080754,True,268.07448538,3,0,3.503300000000003,5,18.46,0,0
1499,CC(C)OCC1CC=CC=C1OCC(F)(F)F,6,1,0.7436578412714602,True,250.118064444,2,0,3.450300000000002,5,18.46,0,0
1506,N12NC=CNN1CCN=C2CC=C(F)F,6,2,0.750872798856693,True,215.09825179199999,3,2,1.5008999999999997,2,53.8,0,0
1513,C(OC1=CC=CC=C1)OC(=O)C2=CC(Cl)=CC=C2,6,2,0.624544141250306,True,262.039671892,3,0,3.5333000000000023,4,35.53,0,0
1519,SC(=O)CC=C(C1=NC=CC=N1)CC,6,1,0.7705960176088132,True,208.067034004,3,1,2.1165,4,42.85,0,0
1539,CC(C)(C1SC=C(C)C1C)C=O,5,1,0.6137894370895265,True,184.092186132,2,0,2.8668000000000013,2,17.07,0,0
1550,OCCC=CC=C(OC=1)CC=1CC(Cl)=C(CC(=O)C)C#C,5,1,0.7309227257719126,True,306.10227214800005,3,1,3.608400000000003,7,46.53,0,0
1558,OCC(C)CC(CCC)(C)CCC1=CC=CC#C1,6,1,0.7335564388059164,True,246.198365452,1,1,4.044480000000004,8,20.23,0,0
1559,C#CCNC(=O)C1N=C(Br)C=C1Br,5,1,0.7651674042244228,True,303.88468701200003,2,1,1.1902,2,41.46,0,0
1569,NC1=CC=C(Cl)C=C1C2=NC(O)=C(Cl)C=C2O,6,2,0.6962573456314621,True,269.996282856,4,3,3.0488000000000004,1,79.37,0,0
1569,NC1=CC=C(Cl)C=C1C2=NC(O)=C(Cl)OC2Cl,6,2,0.616814289137467,True,291.957310504,4,2,3.229800000000001,1,67.84,0,0
1569,NC1=CC=C(Cl)C=C1C2=NC(O)=C(Cl)C=C2Cl,6,2,0.7802114965893662,True,287.96239588400005,3,2,3.996600000000001,1,59.14,0,0
1569,NC1=CC=C(Cl)C=C1C2=NC(O)=C(O)OC2=O,6,2,0.6627934037509646,True,254.009434384,6,3,1.3486,1,109.58000000000001,0,0
1578,CCCC(=O)CC(=O)CCC=CC1=CC=CC=C1,6,1,0.6515669499577187,True,244.14632988,2,0,3.8084000000000024,8,34.14,0,0
1598,C1CNC=C(C1=CC=CC=CC2=CC=CC=C2)F,6,2,0.7889986866961464,True,241.126677732,1,1,3.986600000000003,3,12.03,0,0
1598,C1CNC=C1CCCCCF,5,1,0.6041147717573443,True,157.126677732,1,1,2.3935000000000004,5,12.03,0,0
1614,CCC(C1C(=O)NC2=CC=CC=C2)NC(=O)C1CC3CC=CCC3CC=CF,6,3,0.6745480750506739,True,384.221306388,2,2,4.6117000000000035,7,58.2,0,0
1621,CCCCNC(=O)OC1=NC(O)=NC=C1C2=NC=CC=C2,6,2,0.8179433695600097,True,288.12224037199996,6,2,2.1327,5,97.23,0,0
1623,CCC1=CC=CCC1CC(=O)CNC(=O)CC(C)(C)Cl,6,1,0.7322898713880485,True,297.14955668799996,2,1,3.381800000000002,7,46.17,0,0
1623,COC1=CC=CCC1CC(=O)CNC(=O)CC(Cl)(Cl)Cl,6,1,0.7564213092779251,True,339.019576412,3,1,2.9285000000000014,6,55.4,0,0
1675,CCOC1=CC=C(C)C=C1NC2=NN(N3N=C(C)C=C3C)N=C2C=CC#C,6,3,0.6798093241852107,True,362.185509324,7,1,3.4999600000000015,6,69.78999999999999,0,0
1682,OC(C1=CC=C(Cl)C=C1C=N)N=CC=O,6,1,0.6022752954942755,True,224.035255208,4,2,1.5982699999999994,4,73.50999999999999,0,0
1684,OOC1OC=CC=C1CC2=CC=NC=C2C3=NC=NC=C3,6,3,0.6853294093906905,True,283.095691276,6,1,2.3670999999999998,4,77.36,0,0
1686,OC(C)CC=1C=CSC=1CCCCl,5,1,0.7540971217671806,True,218.05321378,2,1,2.8428000000000013,5,20.23,0,0
1689,CCCCC1[NH1]C=2[NH1]C3=CC=CC=C3C=2C(=O)[NH1]1,6,3,0.7760273961110729,True,243.137162164,2,3,2.8395,3,56.92,0,0
1721,CC(=O)C1=CC=CC=C1C(=O)NC2=NNC#C2,6,2,0.779385430619578,True,227.069476528,3,2,1.46498,3,74.85,0,0
1721,CC1=CC=CC=C1C(=O)N(C2CCCCO2)C=O,6,2,0.7685359557800125,True,247.120843404,3,0,2.1202199999999998,3,46.61,0,0
1721,CC1=CC=CC=C1C(=O)N(C2C=NCCO2)C=O,6,2,0.7480721044510483,True,246.100442308,4,0,1.02072,3,58.970000000000006,0,0
1725,CSC(=O)NCCC(C)C(C1=CCCl)=CC=C1Cl,5,1,0.7667365361561244,True,305.04079052400004,2,1,4.313100000000003,5,29.1,0,0
1726,CCC1=CC=CN=C1CCC=O,6,1,0.6330993716895562,True,163.099714036,2,0,1.7754999999999999,4,29.96,0,0
1726,CNC1=CC=CN=C1CCC=O,6,1,0.6809274273613793,True,164.094963004,3,1,1.2548,4,41.99,0,0
1748,COCCC(C)C(=O)C1=CC=C2C=CN=CC2C1=O,6,2,0.7082451094337471,True,259.120843404,4,0,1.8779000000000001,5,55.73,0,0
1755,C(C=NC1=CC=CC=N1)C2=NC=CC=C2,6,2,0.7085542776144966,True,197.095297352,3,0,2.4216000000000006,3,38.14,0,0
1767,O=C(O)NOC1=CC=C(C2=CC=CC=C2)C=C1,6,2,0.7953757327283938,True,229.073893212,2,2,2.915000000000001,3,58.56,0,0
1767,O=C(O)NC=C1C=C(C2=CC=CC=C2)C=C1,6,2,0.7931502161280909,True,213.078978592,1,2,2.7913000000000014,2,49.33,0,0
1772,C1=CC=CC=C1C(=O)OC2CCCC(O)C2=O,6,2,0.7838816012809274,True,234.089208928,4,1,1.3258999999999999,2,63.6,0,0
1774,CC1C2CC=CC=C2N(C3=CC=CC=C3)CC1CCC=O,6,3,0.7709660583070953,True,281.177964356,2,0,4.198000000000003,4,20.310000000000002,0,0
1803,CCCC=CC=C(OC)C(N)N1N=C(C)C=C1Cl,5,1,0.6373734694324574,True,269.12948994,4,1,3.1888200000000007,6,53.07,0,0
1825,C1C=CC=C(Cl)C1CCNC(C)C=O,6,1,0.7102596922914692,True,213.092041812,2,1,2.2523,5,29.1,0,0
1851,CCCCCNCCCCCCN1CCC2=CC=CC=C21,6,2,0.6075430867053853,True,288.256549024,2,1,4.389300000000004,11,15.27,0,0
1862,NC1=NC(Cl)=CN=C1C2=CC=C(Cl)C=C2C=O,6,2,0.8500456088948953,True,266.996617204,4,1,2.8451000000000004,2,68.87,0,0
1862,NC1=NC=NC=C1C2=CC=C(Cl)C=C2C(=O)OCCl,6,2,0.6960030618212733,True,297.007181888,5,1,2.7323000000000013,3,78.10000000000001,0,0
1862,NC1=NC=NC=C1C2=NC=C(Cl)C=C2C(=O)OCCl,6,2,0.6892823769216365,True,298.002430856,6,1,2.1273,3,90.99,0,0
1862,NC1=NC=NC=C1C2=CC=C(Cl)C=C2C(=O)OCCCl,6,2,0.6935670097722495,True,311.02283195200005,5,1,2.774800000000001,4,78.10000000000001,0,0
1862,NC1=NC(Cl)=NN=C1C2=CC=C(Cl)C=C2Cl,6,2,0.8683861764947298,True,273.9579792,4,1,3.0810000000000004,1,64.69,0,0
1875,CCCCC(C)(C)OC(=O)[NH1]C1=CC=C2C=CC=CC2=C1C(O)CC=O,6,2,0.6534087566648298,True,357.194008344,4,2,4.979500000000005,8,75.63,0,0
1879,C1=CN=C(C#N)N1CC=CC=C(CF)F,5,1,0.7126220831269022,True,209.076453728,3,0,2.1338799999999996,4,41.61,0,0
1886,C1OC=CC=C1CC=NC(=O)NC(=C)C=CC=CC,6,1,0.6074586967101494,True,258.136827816,2,1,3.273200000000002,5,50.69,0,0
1886,C1OC=CC=C1CCNC(=O)N(CC2CC=CC=C2)C,6,2,0.8370298025689308,True,274.168127944,2,1,2.6205000000000007,5,41.57,0,0
1886,COC=CC=C(CC1=NC(=O)N(CC2=CC=CC=C2)C1)O,6,2,0.6454961195398424,True,286.13174243599997,3,1,3.055300000000001,6,62.129999999999995,0,0
1909,C(C)C1=CC=CC=C1C=CCC=O,6,1,0.641342599624691,True,174.104465068,1,0,2.8512000000000013,4,17.07,0,0
1914,CCOC(=O)NC1=CC=CC=C1NC(=O)NC2=CC=CC=C2,6,2,0.800707532483108,True,299.126991404,3,3,3.899000000000001,4,79.46000000000001,0,0
1914,CCOC(=S)NC1=CC=CC=C1CC(=O)NC2=CC=CC=C2,6,2,0.8280122229032543,True,314.108898816,3,2,3.6011000000000024,5,50.36,0,0
1914,CCOC(=S)NC1=CC=CC=C1NC(=O)NC2=CC=CC=C2,6,2,0.7444950918912128,True,315.104147784,3,3,4.063900000000002,4,62.39,0,0
1932,BrC=C1C(C)=CC(C=C2C=NC=N2)C=N1,6,2,0.6980148853442686,True,263.00580942,3,0,2.866200000000002,1,37.08,0,0
1944,OC1=CC=CC=C1C=NC2=NN=C(O)C(Br)=C2Br,6,2,0.7933501063098105,True,370.89050066400006,5,2,3.1634000000000007,2,78.60000000000001,0,0
1944,OC1=CC=CC=C1C=NC2=NC=C(O)C(Br)=C2Br,6,2,0.7894267894775495,True,369.89525169600006,4,2,3.768400000000001,2,65.71000000000001,0,0
1944,OC1CC=CC=C1C=CC2=NN=C(O)C(Br)=C2Br,6,2,0.8358102401097214,True,371.91090176000006,4,2,2.9676000000000013,2,66.24000000000001,0,0
1963,O=C(NC1CC)CC=C1S(=O)(=O)C=CC2=CC=CC=C2CF,6,2,0.9060185712582476,True,323.09914265599997,3,1,2.724000000000001,5,63.24,0,0
1972,CCC=C1C=CC2(C)C1CC3C2C=CC(O3)CC=CC,6,3,0.6677201436973496,True,270.198365452,1,0,4.824800000000004,3,9.23,0,0
1986,N#CC1=CC=CC=C1NC=CC=CCF,6,1,0.7616151006350925,True,202.090626572,2,1,3.0095800000000006,4,35.82,0,0
1986,N#CC1=CC=CC=C1NCCF,6,1,0.7405593648442427,True,164.074976508,2,1,1.9396799999999998,3,35.82,0,0
1995,CCCCC1=NC(CCC(=O)NCC2CCC(C)C2)N(C=N1)CCF,6,2,0.6535831430347399,True,352.26383989600004,4,1,3.547200000000002,10,57.06,0,0
2042,COC1=CC=C(NC(=O)N(C)CCCC=C)C=C1F,6,1,0.6339591302967662,True,266.143056068,2,1,3.2642000000000015,6,41.57,0,0
2046,CCOC1=CC=C(C)C=C1OCC(=O)NC2=NC(C)=C(C)C(C)=C2CF,6,2,0.8037831881919857,True,360.18492088000005,4,1,4.200980000000003,7,60.45,0,0
2046,CCOC1=CC=C(Cl)C=C1OCC(=O)NC2=NC(C)=C(C)C(C)=C2F,6,2,0.831248126715575,True,366.11464839999996,4,1,4.215560000000003,6,60.45,0,0
2046,CCOC1=CC(C)=CC=C1OCC(=O)NC2=NC(C)=C(C)C(C)=C2CF,6,2,0.8037831881919857,True,360.18492088000005,4,1,4.200980000000003,7,60.45,0,0
2049,NCC(C)NC(=O)C=NC(C1=NC=C(OC(F)(F)C)C=C12)C=N2,6,2,0.7710201536734105,True,325.13503122400004,6,2,1.3642999999999998,6,101.96,0,0
2053,BrC=CC1=CC=CC=C1,6,1,0.6270916563222549,True,181.973112324,0,0,3.052200000000001,1,0.0,0,0
2073,N1(C=CN=C1C=CC=CC=CC)CC=CC=C,5,1,0.6750472963501372,True,226.146998576,2,0,3.770800000000003,6,17.82,0,0
2078,C1CN(C(=O)CCCC2=CC=CC=C2)C3=CC=CC=C31,6,3,0.826834124061968,True,265.146664228,1,0,3.598600000000003,4,20.310000000000002,0,0
2083,CC1OC(O)C2CC(C(=O)C3=CC=CC=C3C)C(=O)C(C)C2C1=O,6,3,0.6619604428345313,True,330.146723804,5,1,1.94142,2,80.67,0,0
2099,C1C=CC(=O)N1CC=CC=CC=CCC#N,5,1,0.6565817866394427,True,214.110613068,2,0,1.96708,5,44.1,0,0
2128,COCCC1CC(=O)C(CC2=CC=CC=C2)NC1=O,6,2,0.8698978084702942,True,261.136493468,3,1,1.3394,5,55.4,0,0
2128,COCCC1CC(CCCC2=CC=CC=C2)SC1=O,6,2,0.7605720897363552,True,278.134050944,3,0,3.6941000000000024,7,26.3,0,0
2138,OC1=CC(Cl)=CC(C)=C1CCC=O,6,1,0.7581645395393372,True,198.044757272,2,1,2.48552,3,37.3,0,0
2138,OC1=CC(Cl)=CC(Cl)=C1CCC=O,6,1,0.7932450015445967,True,217.990134856,2,1,2.8305000000000007,3,37.3,0,0
2149,CC(C)N(C1=CC=CN=C1)C2CC(C(=O)NCC3=CC=CC=C3)C4=CC=CC=C42,6,4,0.660228841442389,True,385.215412484,3,1,4.841400000000005,6,45.230000000000004,0,0
2152,CCC=CC=CNC=CN(C(=O)N1CCNCC1C)CC=C(F)C=CF,6,1,0.6457392420710686,True,366.223117956,3,2,3.5794000000000024,8,47.61000000000001,0,0
2161,CNCC=CC1=CC=CC=N1,6,1,0.6987951279250093,True,148.100048384,2,1,1.3142,3,24.92,0,0
2207,OCOCC(Cl)CC(=O)NC1=CC=C(Cl)C=C1Cl,6,1,0.627066325238288,True,310.988276284,3,2,2.8958000000000004,6,58.56,0,0
2229,CN(C)CNC1=NN=CN1C=CCCF,5,1,0.7171162391398951,True,213.13897373199998,5,1,1.0393999999999994,6,45.98,0,0
2229,CN(C)CN1C=NN=C1CCCCCF,5,1,0.644649507499414,True,214.15937482799998,4,0,1.4794999999999996,7,33.95,0,0
2238,O=C(CC1=CC=CC=C1)C2=CC=CC=C2CC(O)C=O,6,2,0.6452904886837765,True,268.10994437200003,3,1,2.2142999999999997,6,54.37,0,0
2238,O=C(CC1=CC=CC=C1)C2=CC=CC=C2C(=O)CF,6,2,0.7693313445539365,True,256.089957876,2,0,3.2642000000000015,5,34.14,0,0
2291,CCCCCNC1=CC=CC=C1,6,1,0.6566809681328728,True,163.136099544,1,1,3.2887000000000013,5,12.03,0,0
2291,CCCCCNC1=CC=CC#C1,6,1,0.6546390892789681,True,161.12044948,1,1,2.8890800000000008,5,12.03,0,0
2295,O=CC1=CC=CC(=C1)CCC,6,1,0.6015863925197977,True,148.088815004,1,0,2.451600000000001,3,17.07,0,0
2318,N=C(C1=CC=CN=C1)C2=CN=CN=C2Br,6,2,0.6658153378215853,True,261.985408324,4,1,2.05027,2,62.52,0,0
2318,N=C(C1=CC=CN=C1)C2=CN=CO2,6,2,0.6994710961697411,True,173.058911844,4,1,1.4857699999999998,2,62.77,0,0
2326,CCOC(=O)C1=NC=CC=C1C(=O)NC2=CC=CC=C2,6,2,0.866648322858668,True,270.100442308,4,1,2.510600000000001,4,68.28999999999999,0,0
2328,C1=CC=C(C)C2=CC3=CN=C(C(=O)O)C(=O)C3C21,6,3,0.7588710489150324,True,241.073893212,3,1,1.6671,1,66.72999999999999,0,0
2353,COCCCCCCCC(=O)N1CN(CC2=CC=CN=C2)CC1C#N,6,2,0.6102165932188233,True,344.221226136,5,0,2.5624800000000008,10,69.46000000000001,0,0
2373,[N+1]1CCCC1C(=O)COC(=O)C2CCC(C)(C3=CC=CC=C3)CC2CC,6,3,0.7311766118894114,True,356.22202024009,3,0,3.649700000000003,6,57.470000000000006,0,0
2374,N=CC(=NC1=CC=CN=C1)Br,6,1,0.7498234645699221,True,210.974509292,3,1,2.1560699999999997,2,49.1,0,0
2374,N=CC(=NCC1=CC=CS1)I,5,1,0.6517065797471592,True,277.93746722400005,3,1,2.7311700000000014,3,36.21,0,0
2374,NCC(=NC1=CC=CN=C1)Br,6,1,0.7574050985541252,True,212.990159356,3,1,1.4652,2,51.269999999999996,0,0
2417,N=C(C1=NN=C(C(F)(F)F)C=C1NCCN(Cl)C)Cl,6,1,0.6471682590587767,True,315.02653534,5,2,2.5570700000000004,5,64.9,0,0
2435,O=C(C1=C2C=CC=C1)C(C3=CC=CC=C3)C=N2,6,3,0.7255268968394853,True,221.084063972,2,0,3.3690000000000015,1,29.43,0,0
2465,N1=C(NC=C1)CC(C)CCCCCCC,5,1,0.643793390555421,True,208.19394876799998,1,1,3.948800000000003,8,28.68,0,0
2469,O=C(NCC1=CC=C(F)C=C1)C=NCCC(F)CCF,6,1,0.7332679516834534,True,286.129297824,2,1,2.6005000000000003,8,41.46,0,0
2469,O=C(C=CC1=CC=C(F)C=C1)C(C)CF,6,1,0.6979813585734778,True,210.085621444,1,0,3.013600000000001,4,17.07,0,0
2478,CCCCNS(=O)(=O)NC=CC1=CC=CC=C1,6,1,0.7299083401808274,True,254.108898816,2,2,1.8814,7,58.2,0,0
2479,CCCN(CCCC1=CC=CC=C1)Br,6,1,0.7021981726571626,True,255.062261676,1,0,3.6411000000000033,6,3.24,0,0
2479,CCCCCNCCC1=CC=CC=C1,6,1,0.6532454813344863,True,191.167399672,1,1,3.0089000000000015,7,12.03,0,0
2492,OCC=CC1=CC=CC(=C1)OC=O,6,1,0.7051064179579605,True,178.06299418,3,1,1.2272999999999998,4,46.53,0,0
2492,OCC=CC1=CC=CC(=C1)C(C=O)OC=O,6,1,0.7291300711517007,True,220.073558864,4,1,1.1050999999999997,6,63.6,0,0
2492,OCC=CC1=CC=CC(=C1)C(C=O)CC=O,6,1,0.7371311710747723,True,218.094294308,3,1,1.5635999999999999,6,54.37,0,0
2492,CCC=CC1=CC=CC(=C1)OC=O,6,1,0.6590433470007491,True,176.083729624,2,0,2.6450000000000014,4,26.3,0,0
2512,CCNC=CC1=CC=CC=C1NC(C)OC2C=CC3=CN=CC=C32,6,3,0.7501933310222256,True,321.184112356,4,2,4.204400000000003,7,46.18,0,0
2519,COC1=CC(C)=CC=C1C#N,6,1,0.607145737768924,True,147.068413908,2,0,1.8753,1,33.019999999999996,0,0
2524,C1C(F)=CC=CN1CC=CCCF,6,1,0.6083338377165263,True,185.101605856,1,0,2.584900000000001,4,3.24,0,0
2526,COC(=O)NC1=NC(NC2=NC=CS2)=CC=N1,6,2,0.8649851816669426,True,251.047695528,7,2,1.8549999999999998,3,89.03,0,0
2526,CCC(=O)NC1=NC(NC2=NC=CO2)=CC=N1,6,2,0.8318518283163754,True,233.091274592,6,2,1.5566999999999995,4,92.94,0,0
2526,COC(=O)NC1=NC(NC2=NC=CO2)=CC=N1,6,2,0.8279293998095468,True,235.070539148,7,2,1.3864999999999998,3,102.17,0,0
2530,OCC1C=CC2=CC=C(C(=O)NC3CCCCC3)C=C21,6,3,0.8878083749534815,True,271.157228912,2,2,2.851800000000001,3,49.33,0,0
2550,CNC=NC1=CC=CN=C1C2CC=CN=C2Cl,6,2,0.6603506534411548,True,248.08287409599998,3,1,2.599100000000001,3,49.64,0,0
2561,OCCCC(=O)NC(=O)C1=CC=CC=C1C(=O)C=CC2=CC=CC=C2,6,2,0.6008053156285419,True,337.131408088,4,2,2.611600000000001,7,83.47,0,0
2561,CCC1C(=O)NC(=O)C1C2=CC=CC=C2C=CS=O,6,2,0.6451653513293739,True,277.07726434,3,2,1.3687999999999998,4,63.24,0,0
2592,C=C(O)NC=CN(C1C=CN(C)C=C1F)CCF,6,1,0.7137230193816534,True,257.133968604,4,2,1.9865,6,38.74,0,0
2596,CCOC1=CC=C(Cl)C=C1CC(=O)CCC#N,6,1,0.7803849420797347,True,251.071306368,3,0,3.1540800000000013,6,50.09,0,0
2600,O=C(C1CCSCC1CC=O)SC=O,6,1,0.6856356955378262,True,232.022786244,5,0,1.3947,4,51.21,0,0
2611,C#CCN(C)C(=O)C1=CC=CC2=CC=CC=C21,6,2,0.7163848220141797,True,223.099714036,1,0,2.545000000000001,2,20.310000000000002,0,0
2743,FC1=CC=C(C2=NON=N2)C=C1C3=NC=CO3,6,3,0.6712453118245701,True,232.03965362,6,0,1.9256999999999997,2,77.84,0,0
2753,CC=NC=C(C1=CC=CC=C1NCC)OCC,6,1,0.6008737171186882,True,232.15756326,3,1,3.5440000000000014,6,33.620000000000005,0,0
2764,CC1=CC=C(Cl)C=C1NC(=O)CNC(=O)CCF,6,1,0.8619841579882368,True,272.072783588,2,2,2.0627199999999997,5,58.2,0,0
2764,CC1=CC=C(Cl)C=C1NC(=O)CNC(=O)CCCCCCF,6,1,0.6800918623749724,True,328.135383844,2,2,3.623120000000002,9,58.2,0,0
2791,ON1CC2=CC=CN=C2SC1=O,6,2,0.6175701287661752,True,182.014998432,4,1,1.4985,0,53.43,0,0
2801,CCN1C=CC=C1CCNC(C)CNCCCCF,5,1,0.6039161754978307,True,269.226726116,3,2,2.3678999999999997,11,28.990000000000002,0,0
2804,O=CN=C1C=CC=C2C=NC3=CC=CC=C3C21,6,3,0.6731609955455992,True,222.07931294,2,0,2.5797000000000008,1,41.79,0,0
2812,CCCCN(CC1CCC(C)CC1CN)CC=O,6,1,0.6760919838634847,True,254.23581358,3,1,2.2985000000000007,8,46.33,0,0
2812,CCCCN(CC1CCC(C)CC1C=O)C=O,6,1,0.6400810547400937,True,239.18852904,2,0,2.496200000000001,7,37.38,0,0
2830,O=C(N=CCC1=CC=CC=C1)CF,6,1,0.6503205458885609,True,179.07464216,1,0,1.796,3,29.43,0,0
2843,CC1(N)CCCC1CCC(C)=O,5,1,0.700549512584006,True,169.146664228,2,1,1.8731000000000002,3,43.09,0,0
2864,C1CC=C(Cl)C=C1C=CC(=O)CC,6,1,0.6330061391152076,True,196.065492716,1,0,3.364600000000002,3,17.07,0,0
2865,C#CCC1=NC=CC=C1C(=O)C2=NC=CC=C2C=CCF,6,2,0.624516392528116,True,280.101191256,3,0,2.8660000000000014,5,42.85,0,0
2865,C#CC1=NC=CC=C1C(=O)C2=NC=CC=C2CCCF,6,2,0.6180682526854154,True,268.101191256,3,0,2.591000000000001,5,42.85,0,0
2875,ClC=CNCCNOC1=CC=C(C(F)(F)F)C=C1Cl,6,1,0.6221564658005558,True,314.02005299200005,3,2,3.541800000000002,6,33.29,0,0
2881,O=C(NC)N=C1C=CN(C2CCOCC2C)C1F,6,2,0.7188579281401032,True,255.138305036,3,1,1.3167000000000002,1,53.93000000000001,0,0
2882,OC=CC=C(C)C=C(C1=N)OC(C2=NC=CO2)=N1,5,2,0.6310514090203425,True,245.080041212,5,2,2.33057,3,91.7,0,0
2883,CCCCC(C(=O)NCCCCC1=CC=CC=C1)C#N,6,1,0.6998952701217815,True,272.188863388,2,1,3.4554800000000023,9,52.89,0,0
2883,C1CCCC1(C(=O)NCCCC2=CC=CC=C2C)C#N,6,2,0.8356870172097375,True,270.173213324,2,1,3.1278000000000015,5,52.89,0,0
2910,FCNC(C)C1=CC=CC#C1,6,1,0.6500664337589407,True,151.07972754,1,1,1.86458,3,12.03,0,0
2928,CCC(O)C1OCC2CC(CO)C(N)C2N1C=3CCCC=3CCF,6,3,0.682316040783734,True,342.23187107200005,5,3,1.5374999999999996,6,78.94999999999999,0,0
2933,CC(C)C(=O)N1CCN(CC2CCCCC2Cl)CC13CCOCC3,6,3,0.7281752890617986,True,356.223055976,3,0,3.1334000000000017,3,32.78,0,1
2933,CC(C)C(=O)NCCN(CC1CCCCC1C)C=CCCCl,6,1,0.6480249195872857,True,328.228141356,2,1,4.029500000000003,9,32.34,0,0
2933,CCC(=O)NCCN(CC1CCCCC12C)C2(C)OCCl,6,2,0.7660295291499483,True,316.191755848,3,1,2.953800000000001,6,41.57000000000001,0,0
2934,O=CCCC1=CC=CN=C1C=CC,6,1,0.6567708157491321,True,175.099714036,2,0,2.2462,4,29.96,0,0
2934,O=CCCC1=CC=CN=C1C=CN,6,1,0.6997863816381309,True,176.094963004,3,1,1.1425,4,55.980000000000004,0,0
2934,O=C(CCC1=CC=CN=C1C=CC)Cl,6,1,0.7142207504081196,True,209.060741684,2,0,2.8127000000000013,4,29.96,0,0
2943,C1=CC=CC=C1C=CC=NC=CC2=NC=NC=C2,6,2,0.7629246975008459,True,235.110947416,3,0,3.2315000000000014,4,38.14,0,0
2943,C1=CC=CC=C1C=NC=NC=CC2=NC=NC=C2,6,2,0.6048368745456153,True,236.106196384,3,0,2.5947000000000005,4,50.5,0,0
2956,OCCCCCC1=CC(O)=NO1,5,1,0.650508320958551,True,171.089543276,4,2,1.0853,5,66.49000000000001,0,0
2956,OCCCCCC=1OC(C)OC=1CO,5,1,0.6339379465657806,True,202.120509056,4,2,1.1358,6,58.92,0,0
2965,C12=C(C(=C)C=C1CCN2)CCN=O,5,2,0.6669554096375366,True,176.094963004,3,1,1.8865,3,41.46,0,0
2975,CCCCCC(C)NC1=NC(O)C(CCCC)CO1,6,1,0.6665077230173306,True,270.2307282,4,2,3.0558000000000014,8,53.85000000000001,0,0
2981,COC1=CC=CC(C)=C1NC(=O)CCC(=O)C=O,6,1,0.6120682179308755,True,249.10010796,4,1,1.4903199999999999,6,72.47,0,0
2981,CC1=CC=CC(C)=C1NC(=O)CC(C=O)CC=O,6,1,0.7822603236219476,True,247.120843404,3,1,2.0361399999999996,6,63.24,0,0
2981,COC1=CC=CC(C)=C1NC(=O)CCC(=O)CC=O,6,1,0.6018963171946113,True,263.115758024,4,1,1.88042,7,72.47,0,0
2981,CC1=CC=CC(C)=C1NC(=O)CC(C=O)C=O,6,1,0.6208928434684456,True,233.10519334,3,1,1.64604,5,63.24,0,0
2986,C=C1N=NSC1CC(C(F)CCF)OF,5,1,0.667077809059965,True,240.054418632,4,0,3.340200000000002,6,33.95,0,0
3071,O1CC(C)(C)CC=C1OC(C)CN2C=NN=N2,6,2,0.7923241192707372,True,238.142975816,6,0,1.3660999999999999,4,62.06,0,0
3080,CC=CNC1CC=CC=C1[NH1]C=O,6,1,0.6321027312221656,True,178.110613068,2,2,1.0679999999999998,4,41.129999999999995,0,0
3084,C=C(CC1=CC=CC=C1)C2=NC3=CC=CC=C3S2(C=O)=O,6,3,0.696064509581147,True,297.08234971999997,3,1,3.094900000000001,4,46.5,0,0
3084,C=C(CC1=NC=CC=C1)C2=NC3=CC=CC=C3S2=C=O,6,3,0.8058077161067734,True,280.067034004,3,0,3.619100000000002,3,42.32,0,0
3084,C=C(CC1=CC=CC=C1)C2=NC3=CC=CC=C3S2(=O)=O,6,3,0.8672896705601401,True,283.066699656,3,0,3.302800000000002,3,46.5,0,0
3084,C1=C(CC2=CC=CC=C2)C(=O)C3=NC4=CC=CC=C4S3C1CC=O,6,4,0.6822552414695213,True,335.097999784,3,1,3.7997000000000023,4,46.5,0,0
3084,CC(CC1=CC=CC=C1)C2=NC3=CC=CC=C3S2(=O)=O,6,3,0.8675296771440862,True,285.08234972,3,0,3.3827000000000016,3,46.5,0,0
3084,CC(CC1=CC=CC=C1)C2=NC3=CC=CC=C3S2(=O)OC=O,6,3,0.6812790598242386,True,315.092914404,4,1,3.0726000000000013,5,55.73,0,0
3122,O=CC(CCC=O)C1=CC=CC=C1F,6,1,0.6723721746892628,True,194.074307812,2,0,2.0873,5,34.14,0,0
3142,CCC1CCC(C)=C1C(=O)NCC=CC=CCC,5,1,0.7113536915599339,True,247.19361442,1,1,3.7615000000000025,6,29.1,0,0
3156,C1P(=O)C=CN=C1NC(C)N2CCCCC2C=C,6,2,0.6305922647642374,True,267.150048954,4,1,2.405500000000001,3,44.7,0,0
3205,NC(=O)C1(C)C2=CC=C(C=CCCC(C)C#C)C=C2C=C1,6,2,0.823347914607271,True,279.162314292,1,1,3.5191000000000026,5,43.09,0,0
3206,C1CC=CC=C1C=C(C2=CC=C(Cl)C=C2)NCCC#N,6,2,0.8103987870817272,True,284.108026224,2,1,4.460580000000004,5,35.82,0,0
3219,C=C(C1=CC=CC=C1C2=NC=C3N)C23,6,3,0.65378497726372,True,182.08439832,2,1,1.9324000000000001,0,38.379999999999995,0,0
3231,O=C(CCS1CCSC1S)SCCS(=O)=O,5,1,0.6424176285621455,True,319.97029937199994,6,3,1.2091,6,51.21,0,0
3272,C#CC#CCC1N=CNC2CC=CC=C21,6,2,0.6274195536617138,True,196.100048384,2,1,1.2681,1,24.39,0,0
3272,C#CS(=O)NC1CCC2=CC=CC=C21,6,2,0.7286372086401613,True,205.056134972,1,1,1.5179,2,29.1,0,0
3279,CC1=CC=C(S(=O)(=O)C2=CC=CO2)C=C1,6,2,0.7835501125095241,True,222.03506518,3,0,2.420820000000001,2,47.28,0,0
3285,C=C(C1=CC=C(Cl)C=C1CN)N(O)C(F)(F)F,6,1,0.6531363622258163,True,266.04337528,3,2,2.9804000000000004,3,49.489999999999995,0,0
3288,O=CCC=C1C=CN=C(C2=CC=C(C(F)(F)F)C=C2)[NH1]1,6,2,0.8645694534226019,True,280.08234763200005,3,1,3.041800000000001,3,41.46,0,0
3288,O=CC1=CC=CC=C1C=CN=C(C2=CC=C(C(F)(F)F)C=C23)CC3,6,3,0.7346921208880945,True,329.102748728,2,0,4.924100000000003,3,29.43,0,0
3297,O=C(NC1CCCCC1N)CCCCCF,6,1,0.6847119181628464,True,230.179441576,2,2,1.9023999999999994,6,55.120000000000005,0,0
3302,COCC=CC(Cl)=NC1=CC=CC=C1C=CCl,6,1,0.7279463682938505,True,269.037419396,2,0,4.367500000000002,5,21.59,0,0
3302,COCC=CC1=NC(Cl)=NC2=CC=CC=C12,6,2,0.7663028503607427,True,234.055990652,3,0,2.942800000000001,3,35.010000000000005,0,0
3306,CCN(C=O)C(C)CCC1C=CC=CC1C#N,6,1,0.6603978644022889,True,232.15756326,2,0,2.5153800000000004,6,44.1,0,0
3331,OC1=CC=C(C)C=C1C=CC(=O)C=C2C=C(C)CC=C2CC=O,6,2,0.6585938933524977,True,308.14124449999997,3,1,4.074720000000003,5,54.37,0,0
3355,C=C(C)C=CN=C(C1=CC=CN=C12)C=N2,6,2,0.6714394834814159,True,197.095297352,3,0,2.676400000000001,2,37.61,0,0
3355,C=C(N)C1=CN=C(C2=CC=CN=C2)C=N1,6,2,0.7931080221704739,True,198.09054632,4,1,1.468,2,64.69,0,0
3355,CC1(N)C=CC2=C(C3=CC=CN=C3)C=NN=C2O1,6,3,0.8194270203486955,True,240.101111004,5,1,1.6191,1,73.92,0,0
3355,C=C(N)C1=CC=C(C2=CC=CN=C2)C=N1,6,2,0.8013921526853731,True,197.095297352,3,1,2.073,2,51.8,0,0
3355,C=NCNC1=CC=C(C2=CC=CN=C2)C=N1,6,2,0.7903730537137966,True,212.106196384,4,1,2.2136000000000005,4,50.17,0,0
3368,CC=CC(O)COC1=CCCO1,5,1,0.6442108533179398,True,170.094294308,3,1,1.2017,4,38.69,0,0
3381,C1C2CCCCC2CC1C(=O)CCC=O,6,2,0.6656286822616374,True,208.14632988,2,0,2.7510000000000012,4,34.14,0,0
3402,CNC(=O)NCCCSCOC1=CC=C2C=CC=CC2=N1,6,2,0.6095490749391042,True,305.1197978480001,4,2,2.623400000000001,7,63.25,0,0
3402,CCNC(=O)NC(C)COC1=CC=C2C=CC=CC2=N1,6,2,0.8784438445636462,True,273.147726848,3,2,2.3212,5,63.25,0,0
3402,CCNC(=O)NCCCSC1=CC=C2C=CC=CC2=N1,6,2,0.6346247255349475,True,289.12488322800004,3,2,3.036100000000002,6,54.02,0,0
3402,CCNC(=S)NCCCOC1=CC=C2C=CC=CC2=N1,6,2,0.6317747462511654,True,289.12488322800004,3,2,2.4877000000000002,6,46.18,0,0
3402,CCNC(=O)NCCCOC1=CC=C2C=CC=CC2=N1,6,2,0.7939194942161975,True,273.147726848,3,2,2.3228,6,63.25,0,0
3405,CC(C)C1=CC=CC=C1C(=O)NCCC=O,6,1,0.6087976525329561,True,219.125928784,2,1,2.1288,5,46.17,0,0
3408,CC(=O)NC(=O)N(CCCN1CCN(C)C)C1CCCCC#N,6,1,0.7127282439398945,True,323.23212516800004,5,1,1.2218800000000003,7,79.68,0,0
3414,CCCCCC1=CC=CC=C1Br,6,1,0.6765442929048513,True,226.03571258,0,0,4.181800000000003,4,0.0,0,0
3415,N=CC1COC2CC=C(C(=O)C3=CC=C(F)C(C(=O)O)=C3)C=C2C1=O,6,3,0.6440446555957892,True,343.08560076799995,5,2,2.19677,4,104.52000000000001,0,0
3415,NCC1=CCC2=CC=C(C(=O)C3=CC=C(F)C(C(=O)O)=C3)CC2C1=O,6,3,0.8199131261371988,True,341.106336212,4,2,2.4372000000000007,4,97.46000000000001,0,0
3424,C=CC=CN=C(Br)C=C(Br)C=1N=CNN=1,5,1,0.680688970881881,True,329.9115704560001,3,1,3.0336000000000016,4,53.93,0,0
3432,O=C1OC=CC=C1C(=O)C2=C(C=CC=C2C=CC=CCl)C=C,6,2,0.6112914309440957,True,312.05532195600006,3,0,4.279500000000003,5,47.28,0,0
3450,C=CCCN1C=NN=C1C2=CC=CC=C2N3CCCC=C3C=C,6,3,0.7503792456452345,True,306.184446704,4,0,4.191300000000004,6,33.95,0,0
3538,N#CCC1=CC=CC=C1Br,6,1,0.6763674371182397,True,194.968361292,1,0,2.515180000000001,1,23.79,0,0
3572,CC1=CC=CC=C1CCBr,6,1,0.6420842954877128,True,198.004412452,0,0,2.9324200000000014,2,0.0,0,0
3572,CC1=CC=CC=C1C(=O)C2=CC=C(C)C2CBr,6,2,0.6056616996643069,True,290.0306272,1,0,4.075120000000004,3,17.07,0,0
3572,CC1=CC=CC=C1CCCBr,6,1,0.6753430890870699,True,212.020062516,0,0,3.3225200000000026,3,0.0,0,0
3616,O=C(COC1=CC=C(F)C)C1SNS(=O)(=O)C(F)(F)F,5,1,0.6264508637012104,True,334.990912648,5,1,1.7989000000000002,4,72.47,0,0
3616,O=C(C=CC1=CC=C(F)C)C1S(=O)(C)(F)F,5,1,0.7075547703744158,True,252.043185252,2,0,2.512500000000001,2,34.14,0,0
3626,COOC1=CC=CC2=C1CN=C2CC(=O)NC=C(F)CF,6,2,0.6465593408669528,True,296.097248748,4,1,2.2161999999999997,6,59.92,0,0
3628,COC1=NC=CC=C1NC(=O)NC2CCCC2C#N,6,2,0.8685500398725365,True,260.127325752,4,2,1.9039799999999998,3,87.03999999999999,0,0
3628,CCOCC1CCCN1C(=O)NCCC#N,5,1,0.7127128477375962,True,225.147726848,3,1,1.11058,5,65.36,0,0
3632,C12C(O)OCCC1CCN2CCCC3=CC=CC3C#N,6,3,0.8494994603512486,True,274.168127944,4,1,1.8317799999999997,4,56.49,0,0
3669,C(O)C=NC=CC1=CC=C(Cl)C=C1C=N,6,1,0.7554385173977353,True,222.055990652,3,2,2.3714699999999995,4,56.440000000000005,0,0
3674,CCCCC(=O)NC=CC=CC=CC1=CC=CC=C1,6,1,0.7308555101415488,True,255.162314292,1,1,4.076100000000003,7,29.1,0,0
3674,CCCC(=O)CC=CC=CC=CC1=CC=CC#C1,6,1,0.6514272486882331,True,238.135765196,1,0,4.171880000000003,7,17.07,0,0
3681,C1C2CC(C)(NC(=O)NC3=CC=CC=C3C)CC(=O)N2C4=CC=CC=C41,6,4,0.8696694387148264,True,349.179026976,2,2,3.626920000000003,2,61.440000000000005,0,0
3685,O=CCN(C)C1=NN=NN=C1OCC(C)NC2=NC=CC3=CC=CC=C23,6,3,0.600151939360598,True,353.160022848,9,1,1.3292999999999995,8,106.02000000000001,0,0
3691,CCCCC(C)C(=O)COC1=CN=CC=C1N=C2N=CCC=C2,6,2,0.7304604399173635,True,313.179026976,4,0,3.9165000000000028,8,63.91,0,0
3698,CCNCC(CC1=CC=CC=C1)CCC=O,6,1,0.6803506820152254,True,219.162314292,2,1,2.4339000000000004,8,29.1,0,0
3707,COCC1=NN=C(C)C=C1NC(=O)CCl,6,1,0.7859679994797686,True,229.061804304,4,1,1.10872,4,64.11000000000001,0,0
3719,CS(O)C1CC=CC=C1C2=CC(C3=CC=CC=C3)=N[NH1]2,6,3,0.7496336782853582,True,286.113984196,2,3,3.8926000000000025,3,48.910000000000004,0,0
3719,CC(=O)CCCC1=CC=CC=C1C2=CC(C3=CC=CC=C3)=N[NH1]2,6,3,0.7198616284826016,True,304.15756326,2,1,4.655400000000005,6,45.75,0,0
3719,CS(C)(O)C1=CC=CC=C1C2=NC(C3=CC=CC=C3)=N[NH1]2,6,3,0.767102205863228,True,299.10923316400005,3,2,4.034800000000003,3,61.800000000000004,0,0
3719,CS(C)(O)C1=CC=CC=C1C2=NC(C3=CC=CC=C3)=C[NH1]2,6,3,0.7397434289639725,True,298.11398419600005,2,2,4.639800000000004,3,48.910000000000004,0,0
3730,ClC=CNCN1CCCC1C(C)CF,5,1,0.7652180086141825,True,220.11425447599999,2,1,2.3135000000000003,5,15.27,0,0
3743,O=C(C1=CC=CN=C1Cl)CN=C(NC2CCNCC23)C=C3,6,3,0.6551605298560275,True,304.109088844,4,2,1.4536999999999998,3,66.38,0,0
3744,CC=1C=CCC=1CC(=O)NCCCCF,5,1,0.671934467359293,True,211.137242416,1,1,2.5188000000000006,6,29.1,0,0
3744,C1C=C(F)C=C1CC(N)CCCCF,5,1,0.6566428394895415,True,201.132905984,1,1,3.0271000000000017,6,26.02,0,0
3744,C1C=C(F)C=C1C(=O)NCCCCF,5,1,0.6773923412012843,True,201.096520476,1,1,2.0358,5,29.1,0,0
3746,OC(O)CC=CC=C(OC1=NC(C2=CC=CC=C2)=NC1C3=C)N3,6,3,0.7345718998133127,True,311.1269914040001,6,3,1.4458,4,86.44,0,0
3748,CC(C)OC1=CC=CC=C1CCC=O,6,1,0.6701812584133692,True,192.115029752,2,0,2.6053000000000006,5,26.3,0,0
3783,C1C=CC=C1C(=O)NCCNCCCCCC2CCCCC2,6,2,0.6039792138538252,True,304.25146364399995,2,2,3.7192000000000025,10,41.13,0,0
3784,CNC(C)C(=O)NC1=CC=CN1C=CN=O,5,1,0.7355408805631467,True,222.111675688,5,2,1.2290999999999994,5,75.49000000000001,0,0
3827,COC(C)(C)C1=NC=C(Cl)C=C1OS(=O)(=O)C(C)Cl,6,1,0.6141142989557201,True,327.00988432,5,0,2.9099000000000013,5,65.49000000000001,0,0
3865,O=C(CSC1CC=CC=C1)N2CCNCC2=CC=CC=CCl,6,2,0.7822690484413446,True,336.106311972,3,1,3.2287000000000017,5,32.34,0,0
3872,C=C(NC(C1)=CC=C(Cl)C)C1CCC=O,5,1,0.7453239859155906,True,225.092041812,2,1,3.1152000000000015,4,29.1,0,0
3885,C1CCCC=C1C(=O)C=CC=C2OC=CC=C2,6,2,0.6898124215697841,True,228.115029752,2,0,3.5961000000000025,3,26.3,0,0
3912,C1=CC=NON1OC2=CC(C)CC#C2,6,2,0.6199488465628816,True,190.07422756,4,0,1.5917999999999999,2,34.06,0,0
3927,O=CNCC1CC=CC2=CC=CC=C21,6,2,0.719681678186864,True,187.099714036,1,1,1.9331,3,29.1,0,0
3946,CC(=O)CCCN(C(=O)C1=CC=CC=C1)Cl,6,1,0.7411668058446685,True,239.071306368,2,0,2.6518000000000006,5,37.38,0,0
3971,CCSC1CSC(NCC(=O)NCC(=O)C(C)C)C=N1,6,1,0.702392277100582,True,317.12316897600004,6,2,1.1401999999999997,8,70.56,0,0
3973,CCOC(=O)CCC(O)CC(=O)NC(C)(C)CC(C)=CC1=CC=CC=C1,6,1,0.6258267275098373,True,361.225308472,4,2,3.469100000000002,10,75.63,0,0
3986,CCC(=O)N1C(=C)C(C2=CN=C(F)C=C2F)CC1CCNCCF,6,2,0.6126341118543216,True,341.171496984,3,1,2.917200000000001,7,45.230000000000004,0,0
3986,CCC(=O)N1C(=O)C(C2=NN=C(F)C=C2Cl)CC1CCNCCF,6,2,0.750866559113603,True,360.1164599680001,5,1,1.8393999999999997,7,75.19,0,0
4004,OC=CC1=C(C)C2=C(CO)C=CN=C2O1,6,2,0.7370511030105009,True,205.073893212,4,2,2.1572199999999997,2,66.49000000000001,0,0
4006,O=C(N)C1=CC=C(F)C(F)=C1F,6,1,0.6400676033874273,True,175.024498408,1,1,1.2028,1,43.09,0,0
4006,O=C(O)C1=CC=C(F)C(F)=C1C=CC=C(F)F,6,1,0.6546301059472238,True,246.030392312,1,1,3.456600000000001,3,37.3,0,0
4013,CC(C)=NC1=NN=C(C)N=C1OC(C)(C)CCCl,6,1,0.609325443801592,True,270.124738908,5,0,3.0786200000000017,5,60.260000000000005,0,0
4053,C(C=CC1=CC=CC=C1CCC)CCCC2NCC=N2,6,2,0.7029541751378678,True,270.209598832,2,1,4.212800000000002,8,24.39,0,0
4053,C1(C=CC2=CC=CC=C21)C3=NCCN3CC4=CC=C[NH1]4,6,4,0.9064107678737316,True,263.142247544,2,1,3.0394000000000014,3,31.39,0,0
4062,CCCCNCCC(=O)CC1=CC=CC=C1F,6,1,0.704301344568135,True,237.15289248,2,1,2.717100000000001,8,29.1,0,0
4064,CN(C)CC1=CC=CN=C1Cl,6,1,0.6296860642692846,True,170.061076032,2,0,1.7966,2,16.130000000000003,0,0
4064,CN(C)CC=CC=C(N)C=CCC1=CC=CN=C1Cl,6,1,0.6421876201592577,True,277.13457531999995,3,1,2.794100000000001,6,42.15,0,0
4088,CC(=O)C(C1=CC=CC=C1)C2CNCCC2CCCCC3=CC=CC=C3,6,3,0.6797193632299509,True,349.240564612,2,1,4.997900000000005,8,29.1,0,0
4092,COC1=NC=C(C2CCCCC2)CN1C=O,6,2,0.6697936924747452,True,222.136827816,3,0,1.925,2,41.9,0,0
4123,CC=CC(C)=C(C1CCCC12)C=C2[NH1]C=O,5,2,0.7234677466743477,True,217.146664228,1,1,2.9388000000000005,3,29.1,0,0
4132,O=C(CC1=C(Br)C=CCC1=C)CCCBr,6,1,0.685935417727106,True,331.941139268,1,0,4.285800000000003,5,17.07,0,0
4149,C(O)C=1C=CNC=1C2=NN=CN2CCCCl,5,2,0.7766311657393398,True,240.077788716,4,2,1.3943999999999999,5,66.72999999999999,0,0
4154,CCC(CC1=CC=CN=C1)CCC=O,6,1,0.6468767607509086,True,191.131014164,2,0,2.6294000000000013,6,29.96,0,0
4164,C1C=CC2=C(C=CC=C12)C3=CC=CC=C3,6,3,0.641987114057856,True,192.093900384,0,0,3.922900000000003,1,0.0,0,0
4170,ClC=CC=C(C1=NOC(C2=CC=C(Cl)CC2)=N1)CF,6,2,0.7698834342416686,True,300.02324655200005,3,0,4.474900000000002,4,38.92,0,0
4171,C=1C(=O)CCC=1C(=O)N2CCC3(CCCC3C)C2O,5,3,0.7820187810582196,True,263.152143532,3,1,1.6327999999999998,1,57.61,0,1
4191,CC=CC(=C)C=CC1=CC2=CC=CC=C2C=C1,6,2,0.6394412693855751,True,220.125200512,0,0,4.985300000000004,3,0.0,0,0
4215,CC(CC)C(N)C(=O)NC(=O)CC1CCCCC1=O,6,1,0.7824617323940346,True,268.178692628,4,2,1.1519999999999995,5,89.25999999999999,0,0
4219,CCCN(C)C1=NN=NC2=NC=CC=C21,6,2,0.7514120997296985,True,203.11709541599998,5,0,1.266,3,54.800000000000004,0,0
4241,CC1=CC=CC=C1CNC(=O)NC2=CC=C(Cl)C=N2,6,2,0.9023204615440304,True,275.082539748,2,2,3.365120000000001,3,54.02,0,0
4256,O=C(N1)N=CC=C1C2=NC=C(F)C=C2C(F)C=O,6,2,0.830912286940414,True,251.050632904,4,1,1.1804999999999999,3,75.71000000000001,0,0
4261,OC1=CC=CC=C1CBr,6,1,0.6683317859882586,True,185.968026944,1,1,2.2871000000000006,1,20.23,0,0
4270,O=C(O)N=CC=C(Cl)C=C1CC=C(Cl)C=C1C=CCl,6,1,0.7452113520408051,True,316.9777116,1,1,4.989600000000002,3,49.66,0,0
4275,CC1=NC=NC=C1NCC2=CC=CN2O,6,2,0.7423780771435791,True,204.101111004,5,2,1.4359199999999996,3,62.97,0,0
4348,C(CCC(C)CCOC(=O)C)(=O)C=1CCOC=1C(CF)F,5,1,0.6146242363485603,True,304.148615624,4,0,2.907000000000001,9,52.60000000000001,0,0
4361,COCC1=CC=CC=C1C(Br)C2=NC=CC3=CC=CC=C23,6,3,0.631559082905809,True,341.041526232,2,0,4.8655000000000035,4,22.12,0,0
4361,COCC1=CC=CC=C1C(Cl)C2=NC=CC3=CC=CC=C23,6,3,0.6506942380664253,True,297.092041812,2,0,4.709400000000003,4,22.12,0,0
4365,CC1=CC(Cl)=C(O)C=C1COCC2=CC=C(O)C=C2CCCCl,6,2,0.6913279665667169,True,354.07894986,3,2,4.947820000000004,7,49.69,0,0
4372,CC(=O)NC1=CC=CC(OC2CC(=O)OC2)=C1C=O,6,2,0.6506260979038704,True,263.07937251600003,5,1,1.1517999999999997,4,81.69999999999999,0,0
4378,NC=CC#CCC1=CC=CC#C1,6,1,0.6077619786509905,True,155.073499288,1,1,1.3052800000000002,1,26.02,0,0
4378,CCC1=CC=CC=C1CCC2=CC=CC=C2C3C=CC=N3,6,3,0.7486756211705554,True,275.167399672,1,0,4.715900000000004,5,12.36,0,0
4420,CCC1=CC=CC=C1S(=O)(=O)CCCCN2N=NN=C2,6,2,0.7229539208373367,True,294.115046816,6,0,1.4896,7,77.74,0,0
4420,CCC1=NC=CC=C1S(=O)(=O)CCCCN2C=NN=C2,6,2,0.7229539208373367,True,294.115046816,6,0,1.4896,7,77.74,0,0
4427,C=CC#CC=CC1=CC=C(O)C(F)=C1OC=CC,6,1,0.6493144380256375,True,244.089957876,2,1,3.646300000000001,3,29.46,0,0
4427,C=CC=CCC=CC1=CCC(O)C(O)=C1F,6,1,0.717388099601123,True,222.10560794,2,2,3.1050000000000018,4,40.46,0,0
4428,CCCC=C(CC(=O)C1CCNC2=NC=CC=N2)CC1=NCC,6,2,0.7828131150116339,True,314.210661452,5,1,3.445100000000002,7,67.24000000000001,0,0
4461,C12NCN=C1CC3=CC=CC=C23,6,3,0.6040847311789679,True,158.08439832,2,1,1.2854999999999999,0,24.39,0,0
4463,CCCC=NC1=NC=NC=N1,6,1,0.6113243042155236,True,150.09054632,4,0,1.3739999999999999,3,51.03,0,0
4473,COC(=O)C1=NC(C2=CC=CC=C2C)C=C1SCCC(=O)OCF,6,2,0.7062719854174092,True,351.09405727599994,6,0,3.1411200000000017,7,64.96,0,0
4473,COC(=O)C1=NC(C2=CC=CC=C2)=CC=C1CC=O,6,2,0.6209159304306993,True,255.089543276,4,0,2.2766,4,56.26,0,0
4487,C1CC=CC=C1NC(=O)CCC=O,6,1,0.6613320894307759,True,179.094628656,2,1,1.3156,4,46.17,0,0
4510,C1CCC(CC(=O)NC2=CC=C(C)C=C2C)C1=CC,6,2,0.7999308315563567,True,257.177964356,1,1,4.378440000000004,3,29.1,0,0
4510,CCC1CN2C(=O)N(C3=CC=C([NH1])C=C3C)C=C2C1=O,6,3,0.8380583843122505,True,270.124251752,4,0,2.08432,2,67.80000000000001,0,0
4510,COCCC(CC(=O)N(C1=CC=C(C)C=C1C)C=CCC)P=O,6,1,0.6173166595479275,True,335.165030322,3,0,4.647040000000004,9,46.61,0,0
4510,CCCC(CC(=O)NC1=CC=C(C)C=C1C)C(=O)OS=O,6,1,0.7587481233272811,True,311.11912915199997,4,2,2.451840000000001,7,72.47,0,0
4545,COC1CC(C)N2CCN(CC3=CC=CC=C3CCC)C2C1=O,6,3,0.835288933645166,True,316.21507813599993,4,0,2.4591000000000003,5,32.78,0,0
4550,CCCCNC(=O)C(=S)N(C)C1C2=CC=NC=C2C3=CC=CC=C31,6,3,0.6854766320430755,True,339.140533292,3,1,3.326900000000002,4,45.230000000000004,0,0
4554,O=C(CCC=CC=CC)C1[NH1]C[NH1]C2=CC=CC=C12,6,2,0.794957739456203,True,256.15756326,3,2,3.1819000000000006,5,41.13,0,0
4597,O1OOCC=C1OC2=CC=CC=C2Cl,6,2,0.7090164158231116,True,214.003286384,4,0,2.4536000000000007,2,36.92,0,0
4616,CC1=CC=CC=C1C(=O)NC(C)OCC=O,6,1,0.6017328109621191,True,221.10519334,3,1,1.28632,5,55.4,0,0
4693,CCCCCCCCC1CNCCC1,6,1,0.6131072030986301,True,197.21434986399998,1,1,3.736600000000003,7,12.03,0,0
4694,COC1=CC=C(NC(=O)CCC2=CC=CC=C2)C=C1C3C=CC=C3,6,3,0.8525039580285922,True,319.15722891200005,2,1,4.476100000000003,6,38.33,0,0
4746,CNC1=CC=CN=C1C(=O)C2CCCC2CC=O,6,2,0.6394921441462258,True,246.136827816,4,1,2.3113,5,59.06,0,0
4750,CNC1=CC(C)=CC(Cl)=C1NC(=O)CCC(=O)CC(Cl)Cl,6,1,0.7247929498061244,True,350.035560824,3,2,4.171720000000002,7,58.199999999999996,0,0
4753,CN(C)CCNC(=O)C=CC=NC=C1C=NC2=CC=CC=C21,6,2,0.6449930050859173,True,296.16371126,4,1,2.0482000000000005,6,57.06,0,0
4771,CCC1=CC=CC2=C1C(=O)C(C)C2CCC=O,6,2,0.7445353303841618,True,230.130679816,2,0,3.1441000000000017,4,34.14,0,0
4771,CNC1=CC=CC2=C1CC(C)C(=O)C2CCC=O,6,2,0.8291586694616776,True,245.141578848,3,1,2.5523000000000007,4,46.17,0,0
4773,C=C(C1=CC=CC=C1)NCCOC2=NC=CC=N2,6,2,0.7868418484785066,True,241.1215121,4,1,2.1159,6,47.04,0,0
4788,O=C(OC1=CC=CC=C1C)NC=CC=CC=CC(C)Cl,6,1,0.6473078352866818,True,291.10260649599996,2,1,4.336820000000004,5,38.33,0,0
4796,ClC=CCN1CCCC1N2N=CN=C2NC3=CC=CS3=CF,5,3,0.658295993031174,True,341.08772244400006,5,1,3.4037000000000015,5,45.980000000000004,0,0
4822,COCOCC1=CC=CC=C1OC2=C(O)NC(=O)C=C2OC,6,2,0.6004677741926662,True,307.105587264,6,2,2.0018999999999996,7,90.01,0,0
4842,C1CCCC(=O)N1C(=O)NC2=CC=CC=C2,6,2,0.7853702312367525,True,218.105527688,2,1,2.231,1,49.410000000000004,0,0
4850,CCOC(=O)C1=CC=C(CCCN2CCNCC2)CC1CCC#N,6,2,0.6920223695873752,True,331.22597716800004,5,1,2.4113800000000003,8,65.36,0,0
4851,CCOC(=O)CNC(=O)CCC(=O)NC1=CC=CC=C1OCC,6,1,0.6717644264501894,True,322.152871804,5,2,1.4832999999999996,9,93.73,0,0
4851,CCCC(=O)CNC(=O)CCC(=O)NC1=CC=CC=C1OCC,6,1,0.6925277541065868,True,320.173607248,4,2,2.2893999999999997,10,84.5,0,0
4864,O=CN(C1(S(F)C)CF)CCC2=CC=CC=C21,6,2,0.6523384917224042,True,259.08424154,1,1,2.3389000000000006,3,20.310000000000002,0,0
4940,CCC(=O)CC(=O)NC1=CC=C(NC(=O)CC2=CC=CC=C2)C=C1CF,6,2,0.7091630245809826,True,356.15362075200005,3,2,3.6450000000000022,8,75.27000000000001,0,0
4943,OC1=NC=CC=C1CC2=NN=C(C3=CC=C(OC(F)(F)F)C=C3)O2,6,3,0.7863828648553403,True,337.06742583999994,6,1,3.3266000000000018,4,81.27000000000001,0,0
4947,CC=CC=C(SCC(=O)NC1=CC=C(C(F)(F)F)C=C1)C#C,6,1,0.6390982939631065,True,325.074819728,2,1,4.470300000000003,5,29.1,0,0
4950,C1C=CC=C1NC=NC(OCC2=CC=C(O)C=C2)=NCOC,6,2,0.6244107776184679,True,301.142641468,4,2,2.3304,6,75.44000000000001,0,0
4950,C1C=CC=C1NC=NC(OCC2=CC=C(O)C=C2)=NC(C)=C,6,2,0.6473195221910181,True,297.147726848,3,2,3.260100000000002,5,66.21000000000001,0,0
4963,CNSCC1=CC=CC=C1F,6,1,0.6995626311795451,True,171.05179854,2,1,2.1933,3,12.03,0,0
4963,CSCC1=CC=CC=C1F,6,1,0.634038125896634,True,156.040899508,1,0,2.6887000000000008,2,0.0,0,0
4980,CCC=C1C(C)=NC=C1CCC=O,5,1,0.606873841477225,True,177.1153641,2,0,2.660300000000001,4,29.43,0,0
4986,CCC(=O)COC(=O)NC1=CC=CC=C1CNCC2=CC=CC#C2,6,2,0.782810831186843,True,324.1473925,4,2,3.104380000000001,8,67.43,0,0
4992,CNCC1=CC=CC=C1OC2=CC=CC#C2,6,2,0.839230493049095,True,211.099714036,2,1,2.798680000000001,4,21.259999999999998,0,0
5006,OC=C(Cl)C=CC(O)=CC=CC1=CC=CO1,5,1,0.6173099562784011,True,238.039671892,3,2,3.929100000000002,4,53.6,0,0
5026,CC1=C(N)N(C(=O)NC2=NC=CS2)C(C3=CC=CC=C34)C1C4,6,4,0.8497306201454189,True,312.104482132,4,2,3.094400000000002,1,71.25,0,0
5039,CC1C=CC=C1C=NC(CC2=CC=C(C)C=C23)CC3=CCF,6,3,0.705732316564848,True,295.17362792399996,1,0,4.865820000000005,3,12.36,0,0
5039,CN1C=CC=C1C2=NC(CC3=CC=C(Br)C=C3)CC2SF,6,3,0.7734507312428174,True,366.020159832,3,0,4.578000000000003,4,17.29,0,0
5043,CC1=CN=CN=C1NC2CCCCC2OCCl,6,2,0.8407657974781704,True,255.113839876,4,1,2.721020000000001,4,47.040000000000006,0,0
5043,CC1=CN=CN=C1NCCN2CCOCC2CCl,6,2,0.8133899557889621,True,270.124738908,5,1,1.1365199999999998,5,50.28,0,0
5061,CCCC(C)C(=O)NC1=C(O)N=CN1C=O,5,1,0.7320530442923932,True,225.11134134,5,2,1.0016999999999998,5,84.22,0,0
5061,CCC(C)CC(=O)N1C=C(Cl)C=C1C(=O)N2CC(O)C(OC)(O)C(F)C2C,6,2,0.7330526067908937,True,404.1514278319999,6,2,2.0961999999999996,5,92.00000000000001,0,0
5067,C=CC=C(Br)C1=CC=C[NH1]1,5,1,0.7028251475160501,True,196.984011356,0,1,2.9365000000000006,2,15.79,0,0
5074,OC(C)C1=NOC(C2=NC(C)=CC(C(C)(C)C)=C2)O1,6,2,0.8906513760118219,True,264.1473925,5,1,2.42722,2,63.94000000000001,0,0
5078,CCCC1=NC(C)N(C)C1CCC=O,5,1,0.6287332620673715,True,196.15756326,3,0,1.8666,5,32.67,0,0
5095,C[NH1]C(=O)CCC(=O)NC(=O)OCC1SCCC1CCF,5,1,0.7372732389830893,True,320.120606372,5,2,1.2467000000000004,7,84.50000000000001,0,0
5098,CCCCCCNC(=O)C(C1=CC=CC=C12)OC2=O,6,2,0.6322693824950906,True,261.136493468,3,1,2.5946000000000007,6,55.4,0,0
5129,CC1=CC=CC=C1CNC(=O)CCCCCCF,6,1,0.7035248897764107,True,251.168542544,1,1,3.531220000000002,8,29.1,0,0
5144,CC1=CC=C(Cl)C=C1CC(=O)C(=O)NCC2=NC=CC=C2F,6,2,0.8615142672682307,True,320.072783588,3,1,2.61052,5,59.06,0,0
5144,CC1=CC=C(F)C=C1NC(=O)CCC=O,6,1,0.7712270796183341,True,209.085206844,2,1,2.0517199999999995,4,46.17,0,0
5144,CCC1=CC=C(F)C=C1CC(=O)NC(=O)C2NC=CN=C2C3=NC=CC=N3,6,3,0.8303119008435379,True,367.1444530360001,6,2,1.2956999999999996,5,96.34,0,0
5144,CCC1=CC=C(F)C=C1NC(=O)CCC=O,6,1,0.7783974492626522,True,223.100856908,2,1,2.3057,5,46.17,0,0
5153,CCCCC(=O)CCC1=CC=CC=C1C=O,6,1,0.6585264498604486,True,218.130679816,2,0,3.1910000000000016,7,34.14,0,0
5176,CC=CC1NCCC1(CC2CC)CC2,5,2,0.6644025492822069,True,193.183049736,1,1,3.1209000000000016,2,12.03,0,1
5177,P1C=CN=C1CCCC(OC2CCOCC2)CC,6,2,0.7598207898768794,True,269.154465638,3,0,3.4098000000000015,7,31.35,0,0
5202,COCCC1=CC=CC=C1OC=O,6,1,0.6425404368564283,True,180.078644244,3,0,1.4107,5,35.53,0,0
5212,C1CSC=C2C=C(CC(C)C(=O)CC(C)N3CCC(C)C3)C=C21,6,3,0.7098509532577856,True,331.19698554800004,3,0,4.589300000000004,6,20.310000000000002,0,0
5230,C1OC=CC=C1CC(=O)CC(O)CCC2CCCCC2,6,2,0.7746559010831185,True,278.188194692,3,1,3.5274000000000028,7,46.53,0,0
5230,C1OC=CC=C1CC(=O)C(C)CCCC2CCCCC2,6,2,0.6671755436184766,True,276.208930136,2,0,4.802600000000004,7,26.3,0,0
5273,CCN1C(=O)C=C2C=C(F)C=CN2C1CCCNCCCF,6,2,0.6995921103242947,True,311.180918796,3,1,2.470600000000001,8,35.580000000000005,0,0
5313,CC1C=CC=CN1C(=O)C2=CC=CC=C2F,6,2,0.7078986387466524,True,217.090292224,1,0,2.7399000000000013,1,20.310000000000002,0,0
5313,CCC1=CC=CN1C(=O)C2=CC=CC=C2F,6,2,0.7577056073841846,True,217.090292224,2,0,2.8781000000000017,2,22.0,0,0
5314,CCC(=O)C=CC1=CC(NC2=NCCC2)=NN=N1,6,2,0.8123035650933984,True,245.12766009999999,6,1,1.4680999999999997,4,80.13000000000001,0,0
5327,CCC(C)CC(O)(C1=CC=CC=C1)C2=CC=CC=C2C(C)=O,6,2,0.7933153018946923,True,296.177630008,2,1,4.561300000000004,6,37.3,0,0
5372,NC1=COC=C1NC(=O)C(C)CC=O,5,1,0.7039277557798678,True,196.084792244,4,2,1.0253999999999999,4,85.32999999999998,0,0
5387,O=C(CC1=CC=CC=C1C)NC=CN=CC2=CC=CC=C2C3=NC=CC=C3,6,3,0.6701492513025075,True,355.168462292,3,1,4.306020000000004,6,54.35,0,0
5415,COC(C)C(S)CC1=CC=C(S)C=C1SC(C)=O,6,1,0.6436042196122862,True,302.04689281599997,5,2,3.489700000000002,5,26.3,0,0
5417,O1C=NC(C)=C1CC=C(CC)C=C,5,1,0.6605065543875231,True,177.1153641,2,0,3.0479200000000013,4,26.03,0,0
5445,CCCC1C(=O)N(C2=CC=C(OC)C=C2)C=CC1=O,6,2,0.7805587732181684,True,259.120843404,3,0,2.5409000000000006,4,46.61,0,0
5447,CC1C(=O)NC=CN1C=CC=CCl,6,1,0.6832114816527616,True,198.055990652,2,1,1.5441,2,32.34,0,0
5453,CSC(=O)C(=O)NC1=CC=CN=C1CCC=O,6,1,0.6397623750032797,True,252.056863244,5,1,1.0412,4,76.13,0,0
5480,COC1=CC=CC=C1NC(C)CNC=O,6,1,0.6914922924661757,True,208.121177752,3,2,1.2415999999999998,6,50.36,0,0
5507,OC(C1=CC=CC=C1C2C)C23CCCCC3CCC=O,6,3,0.8446336083728182,True,272.177630008,2,1,3.9928000000000026,3,37.3,0,1
5507,O(OC1=CC)CC=C1C2CCCCC2C(=O)C3CCCC4C3CCCO4,6,4,0.6814683955144223,True,360.23005950399994,4,0,4.7492000000000045,3,44.760000000000005,0,0
5563,CC(=O)CC(C1)=CC=C(OC(=O)C2CCCOC2CC)C1OCl,6,2,0.6915642861298503,True,342.123401516,5,0,3.4669000000000025,6,61.83000000000001,0,0
5626,NC=CC1=C(Cl)C=C(Cl)C=C1Cl,6,1,0.772193477237707,True,220.956582232,1,1,3.576200000000001,1,26.02,0,0
5626,N(C1=C(Cl)C=C(Cl)C=C1)Cl,6,1,0.6773847550910608,True,194.940932168,1,1,3.559100000000001,1,12.03,0,0
5633,NC1=C(Cl)C=C(C)C=C1C2=NN=C(Cl)N2CCl,6,2,0.6817727105534475,True,289.989279328,4,1,3.338820000000001,2,56.73,0,0
5633,NC=C(Cl)C=C(Cl)C=CC1=NN=C(O)N1C=O,5,1,0.635592204992792,True,274.002430856,6,2,1.1967999999999999,4,94.03,0,0
5633,NC=C(Cl)C=C(Cl)C=CC1=NN=C(O)N1COC=O,5,1,0.6060918693143235,True,304.01299553999996,7,2,1.289,6,103.26000000000002,0,0
5645,CCCC(=O)CCC(C1=CC=CC=C1)Cl,6,1,0.664836993629381,True,224.096792844,1,0,4.1159000000000034,6,17.07,0,0
5654,CCC1C(=O)C2=CC=CC=C2N1C=O,6,2,0.6628442499975823,True,189.078978592,2,0,1.6243,2,37.38,0,0
5654,CCC1C(=O)C2=CC=CC=C2S1(=O)C3=CC=C(CC)C=C3CC=O,6,3,0.6691769918698359,True,342.12896556399994,3,1,3.400000000000002,5,51.21,0,0
5654,CCC1C(=O)C2=CC=CC=C2S1(=O)=O,6,2,0.7042825727968759,True,210.03506518,3,0,1.4352000000000003,1,51.21,0,0
5657,OC1=CC=C(C2=CC=CN=C2Cl)C=C1CC3CCCC4C3COOC4,6,4,0.6401072788063,True,359.12882124399994,4,1,4.644400000000004,3,51.58000000000001,0,0
5672,CC=CC(=O)C1C=C(CC2=CN(C)C=C2)N=C1C3=CC=C(C)C=C3Cl,6,3,0.719386225881563,True,352.134240972,3,0,4.6776200000000046,5,34.36,0,0
5672,CC=CC(=O)C1=CN(N=C2N=C(C)C=C2)N=C1C3=CC=C(C)C=C3Cl,6,3,0.6019834916708859,True,352.10908884400004,4,0,4.463020000000004,4,59.61,0,0
5681,CCOC(=O)C=CC1CON(C)OC1NC(=O)C2=CC=C(O)C=C2Cl,6,2,0.6003462994086164,True,370.093164008,7,2,1.645599999999999,5,97.33,0,0
5716,CCC(=O)CNC(=O)NCCCNC(=C)C1=CC=CC=C1,6,1,0.6082418837680961,True,289.179026976,3,3,1.9152999999999993,9,70.23,0,0
5724,CC=1N=NN(C(=S)NC2=CC=CS2)N=1,5,2,0.7410618046470254,True,225.014287224,6,1,1.28812,1,55.63,0,0
5727,CCC(=O)C(C(=O)NC1=CC=CC=C1)Br,6,1,0.6740106418448507,True,269.005140724,2,1,2.3677,4,46.17,0,0
5727,CCC(=O)C(C(=O)NC1=CC=CC=C12)O2,6,2,0.741594616871518,True,205.073893212,3,1,1.3652000000000002,2,55.400000000000006,0,0
5730,CC(C)C1=NN=C(SCC2=CC=C(Cl)C=C2)N=N1,6,2,0.8041776485303226,True,280.05494509600004,5,0,3.335700000000002,4,51.56,0,0
5730,CC(C)C1=NC=C(SCC2=CC=C(Cl)C=N2)N=N1,6,2,0.8041776485303226,True,280.05494509600004,5,0,3.335700000000002,4,51.56,0,0
5765,O=CCC1=NSC2=CC=CC=C12,6,2,0.6568890596067307,True,177.024834844,3,0,2.0377,2,29.96,0,0
5778,COC1N=C(C=CC=CCl)N=N1,5,1,0.6213650113423833,True,185.035589556,4,0,2.0894,3,46.31,0,0
5778,COC1N=C(C2=CC=CC=C2)N=N1,6,2,0.6758641148738465,True,175.074561908,4,0,1.829,2,46.31,0,0
5783,CCC1C=NC=C1C(O)C2=CC=CO2,5,2,0.7963612314973753,True,191.094628656,3,1,2.3075,3,45.730000000000004,0,0
5796,CC1=CC(Cl)=C(C)C=C1C=CC(Cl)Cl,6,1,0.6622022775053568,True,247.992633392,0,0,4.773740000000002,2,0.0,0,0
5796,OC1=CC(Cl)=CC(Cl)=C1C=CC(Cl)Cl,6,1,0.7846880487278967,True,269.917275532,1,1,4.5159,2,20.23,0,0
5796,OC1=CC(Cl)=CC(C)=C1C=CC(Cl)=CCCl,6,1,0.6254287466023591,True,275.987548012,1,1,4.728720000000001,3,20.23,0,0
5796,OC1=CC(Cl)=C(C)C=C1C=CC(Cl)=CCl,6,1,0.7677915455417771,True,261.971897948,1,1,4.6862200000000005,2,20.23,0,0
5796,OC1=CC(C)=CC(Cl)=C1C=CC(Cl)Cl,6,1,0.7822606677480948,True,249.971897948,1,1,4.170920000000001,2,20.23,0,0
5841,CCCC(=O)CNC(=O)NC1=CC=CC=C1,6,1,0.7986006583789932,True,220.121177752,2,2,2.1773,5,58.2,0,0
5841,CC=CC(=O)CNC(=O)NC1=CC=CC=C1,6,1,0.7587570242207029,True,218.105527688,2,2,1.9532999999999998,4,58.2,0,0
5871,CCC(C)CNC(=O)CNC(C=O)CC1CC=CC2=CC=CC=C12,6,2,0.6853870214306345,True,328.215078136,3,2,2.8966000000000003,9,58.2,0,0
5907,C1(=O)C2=CC=C(NCC(=O)C3=CC=C(CC4=CC=CC=C4)C=C3)CC2=CC=C1C,6,4,0.7367434155523597,True,381.17287897600005,3,1,4.7191000000000045,6,46.17,0,0
5946,OOOOC1=CC=CC=C1C2=CC=CN=C2C3CC=CO3,6,3,0.6707014582131965,True,287.079372516,6,1,3.4387000000000016,5,70.04,0,0
5961,NC(CC=CC=CCC1=CC=CC=C1C(=O)NCCC(F)O)=O,6,1,0.6037597766529731,True,320.15362075199994,3,3,1.6246999999999998,9,92.42000000000002,0,0
5984,O1C=CC=C1C(=O)C2=CC=CS2C=C,5,2,0.6083008034225148,True,206.04015056,2,1,3.018200000000001,3,30.21,0,0
5997,CCNC(=O)C1=CC=CC=C1N(C)CC2CCCC=C2C=O,6,2,0.8219111262969919,True,300.18377800799993,3,1,2.797900000000001,6,49.410000000000004,0,0
6003,CCC(=O)CC(=O)CC1C(=O)CC(C2=CC=CC=C2)=CO1,6,2,0.7543501354967634,True,286.120509056,4,0,2.7139000000000006,6,60.44,0,0
6003,CCC(=O)CCC(=O)CC(=O)CC(C1=CC=CC=C1)C2=CC=CO2,6,2,0.6168838137355751,True,326.15180918399994,4,0,4.0892000000000035,10,64.35,0,0
6003,CCCC(=O)CC(=O)CC1C(=O)CC(C2=CC=CC=C2)CO1,6,2,0.7266577459882057,True,302.15180918399994,4,0,2.846700000000001,7,60.44,0,0
6025,CCSOC1OC=CC=C1CC(C)=O,6,1,0.6584476850299781,True,214.066365308,4,0,2.446600000000001,5,35.53,0,0
6033,C=C(C)NC1=NN=NC(OC2=CC=CC=C2)=N1,6,2,0.8639959240616467,True,229.096359972,6,1,2.0043999999999995,4,72.82000000000001,0,0
6033,O=C(C)NC1=NN=NC(OC2=CC=CC=C2)=N1,6,2,0.8475466379530985,True,231.075624528,6,1,1.0172999999999996,3,89.89000000000001,0,0
6047,COC1=CC=C(Cl)C=C1C2C(Cl)C=CN=C2SCC(=O)NC(C)=O,6,2,0.8049572813369261,True,386.025868732,5,1,3.3613000000000017,4,67.75999999999999,0,0
6056,C1C=CC=C1NC2=NC=NC=N2,6,2,0.7040879619270927,True,160.074896256,4,1,1.1272999999999997,2,50.7,0,0
6056,CC=CC=CC=C1NC=NC=N1,6,1,0.6137136307871486,True,161.095297352,3,1,1.6199,2,36.75,0,0
6062,COC1(O)CCC2=C1C=CC=C2,6,2,0.6360188047625482,True,164.083729624,2,1,1.4243000000000001,1,29.46,0,0
6062,COC(=O)CCC1C(C=CC=C1)=O,6,1,0.6137605788843591,True,180.078644244,3,0,1.2509,3,43.370000000000005,0,0
6076,COC1C=CC(Cl)=C(Cl)C1C(=O)CCl,6,1,0.724926318406684,True,253.966812568,2,0,2.6845000000000008,3,26.3,0,0
6077,CC=CC(=O)C=C1CC=CC=C1Cl,6,1,0.617646554040172,True,194.049842652,1,0,3.140600000000002,2,17.07,0,0
6077,CCC=CC(=O)C=C1CC=CC=C1Cl,6,1,0.6488939439840534,True,208.065492716,1,0,3.530700000000002,3,17.07,0,0
6082,CC(CCCC)NC(=O)NC(C)C1CCOC1CC=CCF,5,1,0.6392128835501634,True,314.236956452,2,2,3.5737000000000023,9,50.36,0,0
6082,OC(CCCC)CCNC(=O)NC(C)C1CCCO1,5,1,0.6307115913040958,True,272.209992756,3,3,1.7942999999999998,8,70.59,0,0
6103,CCNC(=O)N(C1CC=CC=C1C)C=O,6,1,0.7135116761666592,True,208.121177752,2,1,1.4491,3,49.410000000000004,0,0
6104,CCCC1=CC=CC=C1CC(=O)CCC=O,6,1,0.6593436729357794,True,218.130679816,2,0,2.729800000000001,7,34.14,0,0
6146,CCCCC(CCCC)(O)OC1=NC=CC#C1,6,1,0.7038258926405219,True,235.157228912,3,1,3.129780000000002,8,42.35,0,0
6150,C1OCC=C1NC(=O)N(C(=O)N2CCCCC23)CC3CCCCC,6,3,0.7854222404317287,True,335.220891788,3,1,3.096700000000002,5,61.88,0,0
6176,CCC(C(=O)NCC1)N1CC=CC=CC2=CC=CN=C2,6,2,0.831479181657039,True,271.168462292,3,1,1.8614000000000004,5,45.230000000000004,0,0
6182,CCCC1C=NC2=CC=CN=C2N1C(=O)CCC=O,6,2,0.7619547153217817,True,259.132076784,4,0,2.2782999999999998,5,62.63,0,0
6182,CCCCC1=NC2=CC=CC=C2N1C=O,6,2,0.713497632265469,True,202.110613068,3,0,2.4172000000000002,4,34.89,0,0
6182,CCCC1C=NC2=CC=CC=C2N1C=O,6,2,0.6930933289465587,True,202.110613068,2,0,2.5340000000000007,3,32.67,0,0
6185,CC(C)OCCCCN1N=CN=C1Br,5,1,0.7380107851920179,True,261.047674232,4,0,2.2458,6,39.94,0,0
6211,C1C2=CC=NN=C2C=C1CCN(CCC3)C3OC=O,6,3,0.7481200462054771,True,259.132076784,5,0,1.4011,5,55.32,0,0
6211,C1C2=CC=CN=C2C=C1CCN(CCC)C=O,6,2,0.7023748715150359,True,230.141913196,2,0,2.2796000000000003,6,33.2,0,0
6238,CCOC1OC=CC=C1OC(=O)C(C)OC2=CC=C(C)C=C2CF,6,2,0.7126818387464173,True,336.13730199200006,5,0,3.5654200000000023,7,53.99000000000001,0,0
6238,CCOC1OC=CC=C1OC(=O)C(C)OC2=CC=C(C)C#C2,6,2,0.7562597890210999,True,302.11542367600003,5,0,2.696300000000001,6,53.99000000000001,0,0
6240,COCCCCC(C)CC1=NC=NC=C1,6,1,0.6456004280493249,True,208.15756326,3,0,2.4719000000000007,7,35.010000000000005,0,0
6240,COCCCCC(C)OC1=CC=NC=C1NC2=CCCC=C2,6,2,0.6902338679176763,True,302.199428072,4,1,4.3114000000000035,9,43.38,0,0
6240,COCCCCCOCCC1=NC=CC=C1,6,1,0.6025647762487947,True,223.157228912,3,0,2.4574000000000007,9,31.35,0,0
6253,C(CCCO)OC1(CC=C(F)C=C1)F,6,1,0.6958467545461731,True,204.096186128,2,1,2.2546,5,29.46,0,0
6253,O=C(CCOC)OC(C1=CC=C(F)C=C1)F,6,1,0.7283181538378414,True,230.075450684,3,0,2.373500000000001,5,35.53,0,0
6253,O=C(C1CC=CO1)N(C2=CC=C(F)C=C2)F,6,2,0.7228381268805527,True,225.060134968,2,0,2.3458000000000006,2,29.54,0,0
6264,C1CC=CC2=C1CCN2C(=O)C=CC3=CC=NC=C3,6,3,0.7581493556744029,True,252.126263132,2,0,2.9312000000000014,2,33.2,0,0
6267,CC(=O)C=CC1=CC=CN=C1NC2=CN=CN=N2,6,2,0.8189258097341202,True,241.096359972,6,1,1.6123999999999998,4,80.66000000000001,0,0
6322,ClCC1=CC=CC=C1C(O)C=CCCCl,6,1,0.6197764154574931,True,244.042170428,1,1,3.643900000000002,5,20.23,0,0
6322,ClCC1=CC=CC=C1CCOC2=CC=CC=C2Cl,6,2,0.7216655641194007,True,280.042170428,1,0,4.700300000000003,5,9.23,0,0
6327,CC(OC1=NC=C(OCCN(C2CC=CCC2)C=CC)CN1)C3CC=CC=N3,6,3,0.6503712159948258,True,384.25252626400004,6,1,3.5523000000000025,8,58.45,0,0
6334,C#CSC(=O)SC(O)CC1CC=CC=C1,6,1,0.6075859152171942,True,240.027871624,4,1,3.0043000000000015,3,37.3,0,0
6334,C#CS(=O)(=O)N(CCCC)C1=CC=CC2=C1OCO2,6,2,0.7739932328977804,True,281.07217896000003,4,0,1.9422999999999997,5,55.84,0,0
6334,C#CS(=O)(=O)N(CCOC)C1=CC=CC=C1,6,1,0.7217649364612724,True,239.061614276,3,0,1.0598999999999998,5,46.61,0,0
6350,CC(=O)C1=NC(C2=CC=CC=C2)=CC=C1C(=O)O,6,2,0.8386434371659717,True,241.073893212,3,1,2.6494,3,67.26,0,0
6350,CCC(=O)C1=NC(C2=CC=CC=C2)=CC=C1C(=O)O,6,2,0.8524964299264284,True,255.089543276,3,1,3.039500000000001,4,67.26,0,0
6365,CN(C)CC1=CC=CC=C1C(=O)NCC#N,6,1,0.7654400614498836,True,217.1215121,3,1,1.00158,4,56.13,0,0
6365,CN(C)CC1=CC=CC=C1CCC=O,6,1,0.6622525766094374,True,191.131014164,2,0,1.8797,5,20.310000000000002,0,0
6365,CC(C)CC1=CC=CC=C1CCC=O,6,1,0.652195806274514,True,190.135765196,1,0,3.0166000000000013,5,17.07,0,0
6369,C1C=NC=C1CCC=CC=C(Cl)C=C,5,1,0.6048882655636598,True,207.081477128,1,0,3.989900000000003,5,12.36,0,0
6369,C1CNC=C1CCC=CC=C(Cl)C=C,5,1,0.6837830059810636,True,209.097127192,1,1,3.508700000000002,5,12.03,0,0
6387,CC(=O)C1=CC=C(OC2=CC=C(C3(O)CCCC3)C=C2)C(=O)O1,6,3,0.8752721848098626,True,314.1154236759999,5,1,3.396300000000001,4,76.74000000000001,0,0
6393,N=CC1=CC(CC2CCC(N)C2)CC1=O,5,2,0.6896271410997615,True,206.141913196,3,2,1.6688699999999999,3,66.94,0,0
6425,C1CCCNC1CCC2=CC=CC=C2CC3C=NC4=CC=CC=C43,6,4,0.8408384963235416,True,318.209598832,2,1,4.803500000000004,5,24.39,0,0
6425,NCCCCCC(C(O)CC1C=NC2=CC=CC=C21)CC3=CC=CC#C3,6,3,0.6317886162187397,True,348.22016351599996,3,2,4.215480000000004,10,58.61,0,0
6448,CCCCCCCCC1CC(C)C(O)C(O)C1=O,6,1,0.688524836821822,True,256.203844756,3,2,2.683900000000001,7,57.53,0,0
6453,CCCCC(=O)NC1=CC=CC=C1C(=O)NC2=NC=CC=C2,6,2,0.8573619127416109,True,297.147726848,3,2,3.462600000000001,6,71.09,0,0
6453,CCCCC(=O)NC1=CC=CC=C1N(C)OC2=NC=CC=C2,6,2,0.7930403109003658,True,299.163376912,4,1,3.640500000000002,7,54.46000000000001,0,0
6493,CCCOCC1=CC=CC=C1NC(C)C(CC)C#N,6,1,0.7194175785030453,True,260.188863388,3,1,3.9633800000000026,8,45.05,0,0
6539,C1COC=CC1(C(=O)NC=CC=CC=C)F,6,1,0.7401621154119097,True,223.100856908,2,1,2.0008,4,38.33,0,0
6630,S=C(NC1=CN=C(N)N=C1)C2=CC=C(O)C=C2Cl,6,2,0.7316082676281633,True,280.018559588,5,3,2.2054,2,84.06,0,0
6656,OC1OC=CC2=C1N=NN=C2OC3CCCCC3COC#CCF,6,3,0.8388415747621982,True,335.12813427599997,7,1,1.748,4,86.59,0,0
6657,COCC1=CC=CC=C1OC(Cl)Cl,6,1,0.7273425724531073,True,220.00578492,2,0,2.9730000000000016,4,18.46,0,0
6666,OCC(N)C(=O)CC1=NC=C(C2=CC=C(C(F)(F)F)C=C2)C=N1,6,2,0.8713605299657441,True,325.103811348,5,2,1.5936000000000003,5,89.10000000000001,0,0
6681,FC(=O)CCC=CC1=CCCCN1,6,1,0.6759901222952994,True,183.105942288,2,1,2.0862000000000003,4,29.1,0,0
6708,COC1=CC=CC=C1OC=O,6,1,0.6108798497429205,True,152.047344116,3,0,1.2304,3,35.53,0,0
6720,OC=NCCC(C)CC1=NNC2=CC=CC=C21,6,2,0.6136101124470975,True,231.137162164,2,2,2.7179,5,61.27,0,0
6754,N=CC(C)C(=O)CSC1=CC=CC2=CC=CC=C21,6,2,0.6537414978892786,True,257.0874351,3,1,3.7866700000000026,5,40.92,0,0
6754,N=CC(=C)C(=O)C=C1C=CC2=CC=CC=C21,6,2,0.6031687708582588,True,209.084063972,2,1,2.8716700000000017,3,40.92,0,0
6754,NON(C)C(=O)CSC=CC1=CC=CC=C1,6,1,0.7925045662136364,True,238.077598688,4,1,1.6542000000000003,5,55.56,0,0
6761,O=C(CCCC)NC1=NC2=CC=CN=C2N=C1,6,2,0.8734118577387487,True,230.116761068,4,1,2.1534999999999993,4,67.77000000000001,0,0
6784,CC=CC=CC(C)(O1)C2=CC(C)CC(C)=C2C=C1O,6,2,0.733978879761481,True,258.161979944,2,1,4.589700000000004,2,29.46,0,0
6792,NC1=C(C)CN=C1C2=NC=CN2C3CCCC(N4C=NC=N4)C3=N,6,4,0.8907235708342819,True,324.18109264000003,8,2,1.4960699999999998,3,110.75999999999999,0,0
6794,COCCCCCCNC1CCCC1CC#N,5,1,0.6281974378568731,True,238.204513452,3,1,2.8651800000000014,9,45.05,0,0
6817,CC(=O)OC(=O)OCC1CC2=CC=C(NC(=O)C3=CC=CN3C)C2C(=O)O1,6,3,0.6224296091514452,True,374.111400916,8,1,1.2102,4,112.93000000000002,0,0
6885,P=C(CSC1=NC2=CC=CC=C2SC1)SCC=O,6,2,0.6113146112771735,True,312.981863634,5,0,3.7603000000000018,5,29.43,0,0
6920,NC1=CC=CN=C1C(=S)NC(=O)C2CCCC3C2C(=O)C=C3,6,3,0.8102748008177918,True,315.10414778399996,5,2,1.6269000000000002,2,85.07999999999998,0,0
6943,CCCCCNC1=CC=CC=C1F,6,1,0.6860978604817948,True,181.126677732,1,1,3.427800000000002,5,12.03,0,0
6965,CC=CC1=C(Cl)C(CC=O)N=C(CCC=O)N1,6,1,0.7373653584580458,True,254.0822054,4,1,1.9513,6,58.53,0,0
6965,CC=C1C=C(Cl)C=C1S(CN=O)=O,5,1,0.681993297381204,True,216.996427176,3,0,2.4255000000000013,3,46.5,0,0
7019,CC1CC(C)CC1CCCC2CCCCC2C=O,6,2,0.6377850697155096,True,250.22966558000002,1,0,4.844200000000004,5,17.07,0,0
7020,C(N=CC1=CC=CC=C1C)CC(=O)NCCC=C2CCC=N2,6,2,0.6101053796260816,True,297.184112356,3,1,3.0588200000000016,7,53.82,0,0
7022,CCCC1C2C(=O)CC(C)=C2CC1=O,5,2,0.6288866854432765,True,192.115029752,2,0,2.2810000000000006,2,34.14,0,0
7035,NC(=O)NC1=CC=CC=C1NC=CC=CCCF,6,1,0.6782591546835609,True,249.127740352,2,3,3.018600000000002,6,67.15,0,0
7073,CON=CC1CCCCC1CC=CC2=CC[NH1]C3=CC=CC=C23,6,3,0.6209063172802473,True,310.20451345199996,3,1,4.880400000000004,5,33.62,0,0
7074,CC(=O)NC1=NC=C(Cl)C=N1,6,1,0.688342122299749,True,171.019939492,3,1,1.0883999999999998,1,54.88,0,0
7074,CC(=O)C1CC=CC=C1NC2=NC=C(Cl)C=N2,6,2,0.8946998799861341,True,249.066889684,4,1,2.5909000000000004,3,54.88,0,0
7084,C=CCC1=CC=CC2=CN=CC=C21,6,2,0.6296794480913137,True,169.089149352,1,0,2.963300000000001,2,12.89,0,0
7088,CCNC1=CC=CC(C1C)CC#C,6,1,0.6490658837429895,True,175.136099544,1,1,2.3252000000000006,3,12.03,0,0
7099,COC1=CC=CC=C1NC2=CC(C)=CN=C2C#N,6,2,0.8940020203086007,True,239.105862036,4,1,3.0139000000000005,3,57.94,0,0
7099,COC1=CC=CC=C1NC2=CN(C)CN=C2C#N,6,2,0.8778184499245799,True,242.116761068,5,1,1.81598,3,60.65,0,0
7110,CCCC1CC(=O)SC1=O,5,1,0.6117004790920751,True,158.04015056,3,0,1.5928,2,34.14,0,0
7111,CCCC=C(CC1=CN=COC2=CC=C(C(=O)O)C=C2)C=N1,6,2,0.6404726828649462,True,298.131742436,4,1,3.8343000000000025,6,71.25,0,0
7111,CNC=CC=C(CC1=CN=COC2=CC=C(C(=O)O)C=C2)C=N1,6,2,0.6248431108908533,True,311.1269914040001,5,2,2.7673000000000005,6,83.28,0,0
7111,CC=CC=C(CC1=CN=COC2=CC=C(C(=O)O)C=C2)N=N1,6,2,0.6593709897889729,True,297.1113413400001,5,1,3.949200000000003,5,83.61,0,0
7111,CCCCC(CC1=CN=COC2=CC=C(C(=O)O)C=C2)C=N1,6,2,0.612619368874694,True,300.1473925,4,1,3.914200000000003,7,71.25,0,0
7165,CCCCCCC(C)N1C=C(C(=O)NCCC2=CC=CC=C2)C(=O)NC1=O,6,2,0.6297365786567409,True,371.22089178799996,4,2,3.0405000000000015,10,83.96000000000001,0,0
7191,CC(C1=CC=C(Cl)C=C1C)N2N=C(C#N)C=C2CCCF,6,2,0.8292886703778312,True,305.109503444,3,0,4.228000000000003,5,41.61,0,0
7273,CCC(C(O)C)OC1CCCCC1C(=O)NC2CC=CC#C2,6,2,0.7394792445510937,True,305.199093724,3,2,2.1693,6,58.56,0,0
7276,CC1=CC=C(O)C=C1OC=O,6,1,0.6482090381546269,True,152.047344116,3,1,1.2358199999999997,2,46.53,0,0
7302,SOC1=CC=CC=C1CCC=C2CCCO2,6,2,0.636481923274988,True,236.087100752,3,1,3.5371000000000024,4,18.46,0,0
7311,OC1=CC=C(C=C1Cl)CCCCCl,6,1,0.6053508003750379,True,218.026520364,1,1,3.6071000000000017,4,20.23,0,0
7395,ClC(CCC1=CC=C(Cl)C)=C1Cl,5,1,0.6122261471386113,True,221.976983328,0,0,4.538400000000002,1,0.0,0,0
7395,ClC(O)CC1=CC=C(Cl)C=C1Cl,6,1,0.767063996818886,True,223.956247884,1,1,3.0931000000000006,2,20.23,0,0
7395,ClC(OCC1=CC=C(Cl)C)=C1Cl,5,1,0.6606044900754144,True,223.956247884,1,0,3.7323000000000013,1,9.23,0,0
7395,ClC(CNC1=CC=CCl)C=C1Cl,6,1,0.6754585241466857,True,222.972232296,1,1,2.956100000000001,1,12.03,0,0
7396,O=C(NC1=NC=CC=C1C)C,6,1,0.6561233315361275,True,150.07931294,2,1,1.34842,1,41.99,0,0
7420,CCOCCC(=O)N(C)C1=CC=C(Cl)C=C1Cl,6,1,0.7714282083666719,True,275.04798408000005,2,0,3.3828000000000022,5,29.54,0,0
7439,C1=CC=C(N2CCN(CCSCCSC=C)CO2)N=N1,6,2,0.6808683634910758,True,312.10785326,7,0,2.0976,8,41.49,0,0
7493,C1C(C(C)C=C1Cl)N2CCOCC2COCC3CCCO3,6,3,0.7794081943350141,True,315.16012137199994,4,0,2.413900000000001,5,30.930000000000003,0,0
7505,C1OCCN(CC2=CC=C(C#N)C=C2)C1C#N,6,2,0.7632935148344997,True,227.105862036,4,0,1.28266,2,60.05,0,0
7505,COCC(CC1=CC=C(C#N)C=C1)C(C#N)C=N,6,1,0.7746620395683685,True,241.1215121,4,1,2.15273,6,80.66,0,0
7521,CCOC1=CC=CC=C1C2C(C=CC=C2)S=C=O,6,2,0.6644223668714373,True,260.087100752,2,1,3.1962000000000024,4,26.3,0,0
7524,CC(C)CC1=CC=CC=C1CN(C)C(=O)C2CCC(C(=O)O)C2C(C)OCCF,6,2,0.6378464357023135,True,407.2471867879999,3,1,3.9451000000000027,10,66.84,0,0
7535,ClC=CCC=COC1=CC=C(C)C#C1,6,1,0.6840122471605891,True,206.049842652,1,0,3.6305000000000023,4,9.23,0,0
7537,C=C(F)C=C1[NH1]C=CC1C=CC#N,5,1,0.6542795061686598,True,176.074976508,2,1,2.16638,2,35.82,0,0
7541,OC1=NC=CC2=C1C(=C)C3=CC=CC=C3O2,6,3,0.6212136739951865,True,211.063328528,3,1,2.9544000000000006,0,42.35000000000001,0,0
7554,C(O)C=CC1=C(OC2=CC=C(Cl)C=C2)NN=C1CCCCl,6,2,0.754945456664788,True,326.058883112,3,2,4.032300000000002,7,58.14,0,0
7554,C[NH1]C(=O)C1=CC2=C(OC3=CC=C(Cl)C=N3)NN=C2C(Cl)=C1Cl,6,3,0.7270824580580303,True,369.979108568,4,2,4.070000000000001,3,79.89999999999999,0,0
7554,C[NH1]C(=O)C1=CC2=C(OC3=CC=C(Cl)C=C3)NN=C2C(Cl)=C1Cl,6,3,0.7034938728042923,True,368.9838596,3,2,4.675000000000002,3,67.00999999999999,0,0
7554,CNC(=O)C1=CC2=C(OC3=CC=C(Cl)C=C3)NN=C2C(Cl)=C1Cl,6,3,0.7034938728042923,True,368.9838596,3,2,4.675000000000002,3,67.00999999999999,0,0
7593,OCCC(C)OCCCCC1CCCC2=CC=CC=C21,6,2,0.7254065315234057,True,276.208930136,2,1,4.064300000000004,8,29.46,0,0
7608,COCC1=NC=CC=C1C2=CN=CN=C2NC3=CN=CN=C3,6,3,0.7716964485983784,True,294.122909068,7,1,2.2185999999999995,5,85.71000000000001,0,0
7609,CCC(C)C(=O)CCC1=CC(F)=CC=C1OC(C)CC(F)F,6,1,0.6541614430116495,True,316.165014636,2,0,4.796000000000005,9,26.3,0,0
7609,CCC(C)C(=O)NCC1=CC(F)=CC=C1OC(C)CC(F)CF,6,1,0.7438679677135989,True,331.175913668,2,1,3.953000000000003,9,38.33,0,0
7609,CCC(C)C(=O)NCC1=CC(F)=CC=C1OC(C)CC(F)F,6,1,0.7892348541054368,True,317.160263604,2,1,3.9105000000000025,8,38.33,0,0
7609,CCC(C)C(=O)NCC1=CC(F)=CC=C1OC(C)COCF,6,1,0.7610737816672739,True,315.164600036,3,1,3.198900000000002,9,47.56,0,0
7609,CCC(C)C(=O)NCC1=CC(F)=CC=C1ON(C)CC(F)F,6,1,0.7493552126207551,True,318.155512572,3,1,2.9787000000000017,8,41.57,0,0
7635,CCC(C)NCCN1CCNCC1OCCBr,6,1,0.656546433968863,True,307.12592455199996,4,2,1.0173,8,36.53,0,0
7637,ClC1=CC=C(C)C=C1C2CN(CC3=CC=CN3C)CC2Cl,6,3,0.7689524770301048,True,322.100354,2,0,4.193720000000003,3,8.17,0,0
7722,COC(=O)C(C1=CC=CC=C1)C(O)CCC2=CC=CC=N2,6,2,0.8275644215240341,True,285.136493468,4,1,2.3319,6,59.42,0,0
7722,CCOC(=O)C1(C2=CC=CC=C2)CCCO1,6,2,0.7328351498378628,True,220.109944372,3,0,2.2554,3,35.53,0,0
7754,FC=CC=C(Cl)C1=CON=N1,5,1,0.6451181223788631,True,173.999618648,3,0,2.1325000000000003,2,38.92,0,0
7779,O=NCC=CC1=CC=CC=N1,6,1,0.613749550753913,True,148.063662876,3,0,1.8611999999999997,3,42.32,0,0
7804,CNCC1=CC=C(O)C=C1C=CN,6,1,0.647856453337377,True,178.110613068,3,3,1.041,3,58.28,0,0
7807,O=P(=O)NC(=O)CC1CCCCC1CCC,6,1,0.7563690986850585,True,245.11808013,3,1,3.187100000000002,5,63.24,0,0
7819,OC(=O)C=CC=NC=CC1=CC=CC=C1,6,1,0.6001634477862852,True,201.078978592,2,1,2.3689,4,49.66,0,0
7844,OC1OC=NC1(CCCC)CC#N,5,1,0.7101267972095614,True,182.105527688,4,1,1.20598,4,65.61,0,0
7904,COC1=CC=CC=C1CCCBr,6,1,0.7208205465574489,True,228.014977136,1,0,3.0227000000000013,4,9.23,0,0
7919,CC1=NC(C)=NC=C1CCC(C)=O,6,1,0.7058887780941756,True,178.110613068,3,0,1.6150399999999998,3,42.85,0,0
7919,CC1=NC(C)=NC=C1COC(C)=O,6,1,0.6406107567741204,True,180.089877624,4,0,1.15654,2,52.080000000000005,0,0
7924,CCCCCN(CCC)CCCC1=NC2=CC=CC=C2N=C1,6,2,0.6063025169561492,True,299.23614792800004,3,0,4.464600000000004,10,29.020000000000003,0,0
7948,NC=CC1=C(C2=CC=CS2C=N1)C3=NN=NN3C4CCCCC4S=O,6,4,0.6953685079431576,True,376.11400125999995,7,3,1.7399,4,99.04999999999998,0,0
7966,CC=C1C=C(NCCN(C(=O)N2CCCCC2C)CC=O)C#C1,6,2,0.6016957498444419,True,315.19467704,3,1,1.9185000000000003,6,52.650000000000006,0,0
7966,CC#CC1=CC=C(N2CCN(C(=O)N3CCNCC3)C2=O)C(F)=C1,6,3,0.7934705386716703,True,330.149204068,3,1,1.4643000000000002,1,55.89,0,0
7966,C1C=CC=CC1NCCN(C(=O)N2CCCCC2C)CC=O,6,2,0.7632669157526191,True,305.210327104,3,1,1.956,6,52.650000000000006,0,0
7975,C1(C)=CC=CC=C1C=C(C(=O)O)CCC=O,6,1,0.609678797006425,True,218.094294308,2,1,2.442120000000001,5,54.37,0,0
8006,CC(=S)N(C)C1COC2=CC=C(C(Cl)(F)F)C=C2C1F,6,2,0.6021722788686849,True,323.035847376,2,0,4.025400000000002,2,12.47,0,0
8064,CCCCC(C=C1N=CC2=CC=CC=C21)[N+1]3=NC4=CC=CC=C4N=C3,6,4,0.6607540929570062,True,329.17607309209,3,0,4.122200000000003,5,42.019999999999996,0,0
8071,C(C)C1=CN=CC=C1O,6,1,0.6110458310612592,True,123.068413908,2,1,1.3496,1,33.120000000000005,0,0
8093,C1N=C=NC=C1C=CN=CC=NC=CN=CC=C,6,1,0.6390753704181653,True,239.11709541599998,5,0,2.4411000000000005,6,61.8,0,0
8107,CC1=CC=C(Br)C=C1C#N,6,1,0.625108646725252,True,194.968361292,1,0,2.629200000000001,0,23.79,0,0
8107,CC=CC1=NC(Br)=CC=C1C#N,6,1,0.6860078673535677,True,221.979260324,2,0,2.7488800000000007,1,36.68,0,0
8117,O=C(OC1=CN=CC=C12)CC2C3=CC=C(C4=CC=CC=C4)C=N3,6,4,0.6788913668019945,True,302.10552768800005,4,0,3.584600000000002,2,52.08,0,0
8117,OC(OC1=NC=CC=C12)CC2C3=CC=C(C4=CC=CC=C4)C=N3,6,4,0.7883559402598798,True,304.12117775200005,4,1,3.376400000000002,2,55.24,0,0
8161,COC1=CC=C(Br)C(C)=C1Br,6,1,0.7642406763858295,True,277.894189076,1,0,3.528620000000002,1,9.23,0,0
8161,CCOC1=CC=C(Br)C(C)=C1Br,6,1,0.803006912355382,True,291.90983914,1,0,3.918720000000002,2,9.23,0,0
8161,CCOC1=CC=C(Br)C(Br)=C1Br,6,1,0.7131027080805276,True,355.80470114400003,1,0,4.372800000000002,2,9.23,0,0
8164,O=C(O)C[NH1]C=CC1=CC=CC2=C[NH1]C=C12,6,2,0.7298887797328413,True,216.089877624,2,3,1.8128,4,65.12,0,0
8167,CNC1=CC=C(Cl)C=C1CN2N=NC=C2CCCCl,6,2,0.8330033519993048,True,298.075201872,4,1,3.1929000000000016,6,42.74,0,0
8174,CN(C)C1=CC=C(Cl)C=C1F,6,1,0.6310951492501713,True,173.040755188,1,0,2.5451000000000006,1,3.24,0,0
8174,CC=C(C)C1=CC=C(Cl)C=C1F,6,1,0.6211271884787704,True,184.04550622,0,0,3.902300000000002,1,0.0,0,0
8174,CCN(C)C1=CC=C(Cl)C=C1F,6,1,0.6883649648635098,True,187.056405252,1,0,2.935200000000001,2,3.24,0,0
8191,N=C(C)C=C1C=CC(C(=O)C=CC2=NC=NO2)=C1C,5,2,0.6617707811697878,True,255.100776656,5,1,2.504270000000001,4,79.84,0,0
8245,CCOCC(C)C1CC(O)N2C(C)=NC=CC21,6,2,0.8090836215231838,True,238.168127944,4,1,1.6136000000000001,4,45.06,0,0
8261,O=COC1OCCC12CCCC2CCF,5,2,0.6745872164968593,True,216.11617262399997,3,0,2.0519,4,35.53,0,1
8263,OCCC(CC1=CC=CC=C1)C(=O)C2=CC=CC=C2C(C)C=O,6,2,0.6002683185415437,True,310.15689456399997,3,1,3.413000000000002,8,54.37,0,0
8279,CC=C1C=C(C=C2C=C(OCC(C)CN)OC=C2)CC1=O,6,2,0.7897930258472392,True,287.152143532,4,1,2.755000000000001,5,61.550000000000004,0,0
8292,OC1=NC=CN=C1C2=CN=CN=C2CCCF,6,2,0.8683030781757294,True,234.091689192,5,1,1.5412999999999997,4,71.79,0,0
8314,OCCCCCC(=O)C1=NC=CC=C1Cl,6,1,0.6000997308385658,True,227.071306368,3,1,2.4704000000000006,6,50.19,0,0
8324,N=CC=CC1=CC=CC=C1C2=CC=CC=C2C(C)C=O,6,2,0.6331425074212867,True,263.131014164,2,1,4.318770000000003,5,40.92,0,0
8326,CSCCCCC1CCSC2=CC=CC=C21,6,2,0.6904346543347492,True,252.10064264,2,0,4.799300000000004,5,0.0,0,0
8346,FOCCC1CC=CC=C1F,6,1,0.6163431138697651,True,160.06997138,1,0,2.7071000000000014,3,9.23,0,0
8347,SCCCC1=CC=CO1,5,1,0.6379992901733973,True,142.04523594,2,1,2.1420000000000003,3,13.14,0,0
8354,CC1=CC=C(C2=CC=C(CBr)N=C2C)C1F,6,2,0.7479424594212553,True,281.021539736,1,0,3.9663200000000023,2,12.89,0,0
8354,CC1=CC=C(C2=CC=C(C#N)N=C2)C=C1F,6,2,0.7279351998936407,True,212.074976508,2,0,3.067800000000002,1,36.68,0,0
8354,CC1=CC=C(C2=CC=C(C#N)C=C2)C=C1F,6,2,0.705536872724008,True,211.07972754,1,0,3.6728000000000014,1,23.79,0,0
8354,CC1=CC=C(C2=CN=C(CBr)N=C2)C=C1C#N,6,2,0.7971306614358217,True,287.00580942,3,0,3.2186000000000012,2,49.57,0,0
8354,CC1=CC=C(C2=CC=C(CBr)N=C2)C=C1F,6,2,0.7548822573784226,True,279.005889672,1,0,4.091020000000002,2,12.89,0,0
8354,CC1=CC=C(C2=CC=C(CBr)C=C2)C=C1F,6,2,0.6990976300510379,True,278.010640704,0,0,4.6960200000000025,2,0.0,0,0
8354,CC1=CC=C(C2=CC=C(CBr)C=C2N)C1F,6,2,0.6468804324054186,True,281.021539736,1,1,3.845100000000002,2,26.02,0,0
8394,COCC1=CC=CC=C1C=O,6,1,0.6121622100867993,True,150.06807956,2,0,1.6455,3,26.3,0,0
8408,COC(=O)C(CC)CC1=CC=CC=C1,6,1,0.6847362487409066,True,192.115029752,2,0,2.4283,4,26.3,0,0
8411,CCC1=CC=CC=C1C(=O)C(=O)NC(=O)C2=CC=CC=C2F,6,2,0.6967568467136956,True,299.095771528,3,1,2.527400000000001,4,63.24,0,0
8431,CNCC=CC1=CC=CC=C1C#N,6,1,0.7541110792281671,True,172.100048384,2,1,1.79088,3,35.82,0,0
8431,CNC1C=C2C3=CC=CC=C3CC2C(=O)N1CCCCCCCC#N,6,3,0.7388193488369016,True,337.215412484,3,1,3.4941800000000027,8,56.13,0,0
8431,CNCC=CC1=CC=CC=C1C(CCN=O)CC,6,1,0.7123699966964679,True,246.173213324,3,1,3.569300000000003,8,41.46,0,0
8442,FCPP=CNC=CC1=CC=CN=C1,6,1,0.7835573795283758,True,228.038149832,1,1,2.8683000000000005,5,24.92,0,0
8471,CCC(=O)NC(=O)NCC=NCC1CCCC2=CC=CC=C21,6,2,0.8199157555221082,True,301.179026976,3,2,2.4131,5,70.56,0,0
8477,O1PPPP1CC=O,5,1,0.6641163962596998,True,185.931825952,2,0,2.6834,2,30.21,0,0
8480,C1C=C(C(=O)O)N=C(O)N1C(=O)C2=CC=CC=C2C(F)(F)F,6,2,0.8738503708141968,True,314.05144142800003,3,2,2.0437,2,90.19999999999999,0,0
8512,C1OC=NC2=C1C=CC=C2C=N,6,2,0.6260933102721397,True,160.063662876,3,1,1.8742699999999999,1,45.44,0,0
8582,CC(CCC(C1N)(C)CC)C1C,6,1,0.6415127591757479,True,169.183049736,1,1,2.796000000000001,1,26.02,0,0
8591,CN(C)C=CN=CNC1=CC=CC=C1Cl,6,1,0.6280560773876293,True,223.08762512799998,2,1,2.8130000000000006,4,27.63,0,0
8591,C=NCC1=CN=CN=C1CC,6,1,0.6062585639831976,True,149.095297352,3,0,1.2396,3,38.14,0,0
8642,OC1CCCCC1C(=O)C2=CC=CC=C2C(=O)C3=CC=CC=C3CC=O,6,3,0.6402065864720148,True,350.15180918399994,4,1,3.392800000000002,6,71.44,0,0
8651,C1CC(CCCC)CC1C(O)(CC)CC(C)C(C)C=O,5,1,0.6277221165319712,True,282.255880328,2,1,4.595200000000005,9,37.3,0,0
8683,OCCC1C(C2=CC=CC=C2)C(=O)C3=CN=C(C4=CC=CC=C4)C=C31,6,4,0.7804552046014374,True,329.14157884800005,3,1,4.194700000000004,4,50.19,0,0
8690,OC1=CC=CC=C1OCC=C2COC=CC2=O,6,2,0.8073625514001933,True,232.073558864,4,1,1.8103999999999998,3,55.76,0,0
8693,N1N2N=C(CN)C=C2NC=C1CC3=CC=C(Cl)C#C3,6,3,0.7954378004385635,True,273.078123064,5,3,1.6486799999999995,3,67.9,0,0
8696,N1(CC(C)C=C1)OC(C2=CC=C(Cl)C=C2)Cl,6,2,0.760281874463993,True,257.037419396,2,0,3.974400000000003,3,12.47,0,0
8710,COC1=NC(Cl)=CC=C1CC(=O)NCC(=O)CC2=CC=C(Cl)C=C2Cl,6,2,0.7208348207681987,True,400.01482538,4,1,3.520900000000002,7,68.28999999999999,0,0
8711,O=CC=CC1=CC=CC=C1C=CC=C2C=CC=CC2=C,6,2,0.6100447450334398,True,260.120115132,1,0,2.802900000000001,4,17.07,0,0
8743,ClSC(=O)NCCCCCCCC1=COC=C1,5,1,0.7165263432466243,True,275.074677496,3,1,4.369200000000003,8,42.24,0,0
8766,C12=CC=CC=C1CC=CC2C3=CC(O)=CC=C3OCO,6,3,0.6643731570535095,True,268.10994437200003,3,2,2.965000000000001,3,49.69,0,0
8789,COC1=CC=C(Cl)C=C1C=NCC2=CC=C(Cl)C=C2C,6,2,0.7339104760385392,True,307.05306946,2,0,4.929520000000003,4,21.59,0,0
8808,C(OC1=CC=C(Cl)C=C1Cl)C=CF,6,1,0.7524576688212111,True,219.985798424,1,0,3.8554000000000013,3,9.23,0,0
8808,C(=COC1CC=C(Cl)C=C1Cl)CCO,6,1,0.7588622894262943,True,234.021434984,2,1,2.9168000000000016,4,29.46,0,0
8808,C=CC=CCC1CC=C(Cl)C=C1Cl,6,1,0.6123826103626459,True,214.031605744,0,0,4.384000000000002,3,0.0,0,0
8808,P=C(NCC1=CC=C(Cl)C=C1Cl)CCO,6,1,0.8012762559255774,True,263.003355994,1,2,2.7381000000000015,5,32.26,0,0
8808,O=C(OCC1=CC=C(Cl)C=C1Cl)CCO,6,1,0.8332582622806806,True,248.00069954,3,1,2.419000000000001,4,46.53,0,0
8808,C(OCC1CC=C(Cl)C=C1Cl)O,6,1,0.721778240067456,True,208.00578492,2,1,2.2181,3,29.46,0,0
8830,FC(C1=CC=C(C)C=C1)C2=NC=CC=C2C3=NC=CC3C#N,6,3,0.8605912371912199,True,291.117175668,3,0,3.9051000000000027,3,49.04,0,0
8830,C(C1=CC=C(O)C=C1)C2=NC=CN=C2C3=NC=CC3C#N,6,3,0.9314793907682944,True,276.101111004,5,1,2.2291799999999995,3,82.16,0,0
8839,COCC1=CC=CN=C1C2=CC=CC=C2,6,2,0.757878858225488,True,199.099714036,2,0,2.8950000000000014,3,22.12,0,0
8839,COCC1=CC=CN=C1C=CC2=CC=CC=C2,6,2,0.7952352513646889,True,225.1153641,2,0,3.3984000000000023,4,22.12,0,0
8842,CNC(=O)C(=O)C=CC=C1C=CC2=CC=CC=C21,6,2,0.6471573064647087,True,239.094628656,2,1,1.9681,3,46.17,0,0
8842,CCC(=O)CC=CC=CC=CC1=CC=CC=C1,6,1,0.6648807767371342,True,226.135765196,1,0,4.181400000000004,6,17.07,0,0
8868,C1OCCC(NC(=O)NC=CCCCC(F)=CCF)C1,6,1,0.707597526260082,True,288.164934384,2,2,2.9715000000000016,7,50.36,0,0
8883,OCC(=C)OC=C(CCC1)CO1,6,1,0.6467529680370686,True,170.094294308,3,1,1.2033,3,38.69,0,0
8910,CC(C)OC(=O)OC1=CC=CO1,5,1,0.6381681798979044,True,170.0579088,4,0,2.2034000000000002,2,48.67,0,0
8924,CC1NCCCN1CCCCC#N,6,1,0.6648221862144449,True,181.15789760799998,3,1,1.3215799999999998,4,39.06,0,0
8928,C(C)(C)C1=CC=CC=C1CCC=O,6,1,0.6445126067371595,True,176.120115132,1,0,2.9415000000000013,4,17.07,0,0
8928,CN(C)CCC1=CC=CC=C1CCC=O,6,1,0.6612908299001031,True,205.146664228,2,0,1.9222,6,20.310000000000002,0,0
8982,CN(CCCC)CC(=O)NCC1=CC=CC=C1C(=O)C2=CC=CC=C2O,6,2,0.6794342368842059,True,354.19434269199996,4,2,2.9713000000000016,9,69.64,0,0
9032,CCCCC1=CC(C)C(OC)=C1CNC(=O)C=N,5,1,0.6815526647171669,True,250.168127944,3,2,2.41897,7,62.18,0,0
9050,C(NC(=O)N1CCCC(C)C1CCCCCCC)CCF,6,1,0.6239743973547235,True,300.257691896,1,1,4.516600000000005,9,32.34,0,0
9050,C(N1C(=O)NCCC1CC=CF)F,6,1,0.6729518804020278,True,190.091769444,1,1,1.5706000000000002,3,32.34,0,0
9053,CCOC1=CC=CC=C1NC(=O)CN(C2)CCCC2Cl,6,2,0.8496141240855877,True,296.129155592,3,1,2.727000000000001,5,41.57,0,0
9053,CCOC1=CC=CC=C1NC(=O)CN(C)CCC=CCl,6,1,0.8013184968319167,True,296.129155592,3,1,3.098200000000002,8,41.57,0,0
9065,CCN(C)C(=O)C(C1CCCCC1C#2)SC#2,6,2,0.6871365286794726,True,237.118735228,2,0,2.3474000000000004,2,20.310000000000002,0,0
9073,OC1=CC=C(Br)C=C1CC=C[NH1]C=CCC(O)C=O,6,1,0.6724845771727793,True,325.031355472,4,3,2.264099999999999,7,69.56,0,0
9083,CC1C(=O)N(CCC2=CC=C(CCCF)C)C2CC1CC(=O)F,6,2,0.6975224362892842,True,325.18533548,2,0,3.7519000000000027,6,37.38,0,0
9125,CC1=CC=C(F)C=C1CCC=O,6,1,0.6293331194683582,True,166.079393192,1,0,2.26562,3,17.07,0,0
9125,C1=CC=C(F)C=C1CCC=O,6,1,0.6048787231320034,True,152.063743128,1,0,1.9571999999999998,3,17.07,0,0
9139,BrC(Br)=CC=CC=C1N=CN=CN1C2=CC=CC=C2N,6,2,0.6161530603971872,True,393.94287058400005,4,1,4.174200000000003,3,53.980000000000004,0,0
9166,COC1=NC=CC=C1CCC=O,6,1,0.6295672658785497,True,165.078978592,3,0,1.2217,4,39.19,0,0
9242,CC(F)(C)C1=CC=CC=C1CCCCF,6,1,0.6420683680063112,True,212.137657016,0,0,4.183400000000003,5,0.0,0,0
9243,C1N2CCC(CC)C2CC1C3=CC=C(Cl)C=C3Cl,6,3,0.7679293732975739,True,283.089454968,1,0,4.581200000000004,2,3.24,0,0
9250,C1OCCCN1C(=O)NCCN(Br)C=C,6,1,0.7840591359807849,True,277.042588852,3,1,1.1312,4,44.81,0,0
9250,C1OCCCN1C(=O)NC=CN(Br)C=C,6,1,0.7963016159599253,True,275.026938788,3,1,1.6024000000000003,3,44.81,0,0
9265,CON1C=NC(C(=O)C2=CC=C(NC3=CC=C(Cl)C=C3)CC2CC)SC1=O,6,3,0.7456217833711088,True,405.09139018,6,1,4.645800000000004,6,71.0,0,0
9326,CC=CN=CC=NC=CC(=N)C1=NC=CC=C1,6,1,0.7706330186442478,True,226.12184644799999,4,1,2.638370000000001,5,61.46,0,0
9326,C(C)C=CC=NC1=NC=CC=N1,6,1,0.6368359976882024,True,161.095297352,3,0,2.1451000000000002,3,38.14,0,0
9326,C1(C(C)(C)C=CC=C)C=CC2=C1C(=C)C=N2,5,2,0.6289372444436787,True,211.136099544,1,0,3.8355000000000032,3,12.36,0,0
9385,S=C(CC)NC(=S)N1N=CN=C1CCCCF,5,1,0.6571769575557926,True,274.0722167,5,1,2.0303,5,42.74,0,0
9413,CCCC1CC2CC=CC=C2C=N1,6,2,0.611115558533936,True,175.136099544,1,0,3.132100000000002,2,12.36,0,0
9413,CCCC1CC2=NC=CC=C2C=N1,6,2,0.6745493882391398,True,174.115698448,2,0,2.2253,2,25.25,0,0
9426,CNC=NC1=CC=CC=C1NC=NC=CC2=CC=CC=C2,6,2,0.6253000322634569,True,278.153146576,2,2,3.6769000000000016,6,48.78,0,0
9426,C#CC=NC1=CC=CC=C1NC2=NC=CC=C2,6,2,0.6381618511281463,True,221.095297352,3,1,3.160700000000001,3,37.28,0,0
9441,C1C=CC=C1N2C=CN=C2NC(=C)N,5,2,0.7558287332210885,True,188.106196384,4,2,1.5257,3,55.870000000000005,0,0
9450,CCOC(O)C(=O)C(C)CC=1CCC=CC=1,6,1,0.7035564457813299,True,224.1412445,3,1,2.213,6,46.53,0,0
9451,C1OC(=O)C(C)N(C2=CC=C(NC3=CC=C(Cl)C=C3)C=C2)C1CF,6,3,0.8417944676692246,True,348.104083716,4,1,4.173400000000003,4,41.57,0,0
9458,O=C(OC1CC=NC=C1)NC2=CC=CC=C2F,6,2,0.8548570942339899,True,234.080455812,3,1,2.7310000000000008,2,50.69,0,0
9458,S=C(OCC1NC=CC=C1)NC2=NC=CC=C2CC=CF,6,2,0.8191868838822082,True,305.09981135199996,4,2,2.862400000000001,5,46.18,0,0
9458,S=C(OC1=NC=CC=C1)NC2=NC=CC=C2F,6,2,0.827976166873225,True,249.037211096,4,1,2.3915000000000006,2,47.04,0,0
9458,S=C(OC1NC=CC=C1)NC2=NC=CC=C2CF,6,2,0.8208890179481008,True,265.068511224,4,2,2.2637,3,46.18,0,0
9476,COC(=O)C(C)N1CCCN(CCCC2CCCCC2)C1=O,6,2,0.7085631594615851,True,310.22564281999996,3,0,3.036100000000001,6,49.85,0,0
9476,COC(=O)C(=O)NC1CCN(CCCC2CCCCC2)C1=O,6,2,0.6121074049052827,True,310.189257312,4,1,1.2369999999999994,5,75.71000000000001,0,0
9522,C1CC=CC=C1OCCOCC(=O)NCC2CCCCC2O,6,2,0.6722825911821433,True,309.194008344,4,2,1.9208000000000003,8,67.79,0,0
9522,C1CC=CC=C1OCCOCC(=O)NCC2CCCCC2C,6,2,0.7005728613407933,True,307.214743788,3,1,3.1960000000000024,8,47.56,0,0
9522,C1OC=CC=C1OCCOCC(=O)NCC2CCCCC2O,6,2,0.6568545697695721,True,311.1732729,5,2,1.1146999999999994,8,77.02000000000001,0,0
9524,CC1=CC=C(C)C=C1C=C(Cl)CCl,6,1,0.6505993543623633,True,214.031605744,0,0,4.121940000000003,2,0.0,0,0
9524,CC1=CC=C(C)C=C1C=CC(O)CCl,6,1,0.7611383150399883,True,210.08114278,1,1,2.9163400000000017,3,20.23,0,0
9524,CC1=CC=C(C)C=C1C=C(Cl)CCCl,6,1,0.6685598245335252,True,228.047255808,0,0,4.512040000000003,3,0.0,0,0
9538,C#CCN(C(=O)C1=NC=C)C2=CC=CC=C12,6,2,0.6822685252764701,True,210.07931294,2,0,1.599,2,32.67,0,0
9538,CCCN(C(=O)C1=NC=C)C2=CC=CN=C12,6,2,0.7709739082128333,True,215.105862036,3,0,1.7708,3,45.56,0,0
9538,C=CCN(C)C(=O)C1=NC=CC2=CC=CC=C12,6,2,0.753244219701907,True,226.110613068,2,0,2.492800000000001,3,33.2,0,0
9546,ClC=C1C(C=C2C(=C1)CCC2)CCC=O,6,2,0.6650105682289559,True,222.08114278,1,0,3.7547000000000024,3,17.07,0,0
9547,C1OC=CC=C1NC(=O)CNC(=O)N(CCCC)CCC(=O)C,6,1,0.6697539643288115,True,323.18450628,4,2,1.3211999999999995,9,87.74000000000001,0,0
9551,C(O)CNC1=NC=C(C(F)(F)F)C=C1Cl,6,1,0.8510819946550223,True,240.027725216,3,2,2.1580000000000004,3,45.15,0,0
9551,O=C(CC)NC1=NN=C(C(F)(F)F)C=C1Cl,6,1,0.8809897092081018,True,253.022974184,3,1,2.4973,2,54.88,0,0
9551,O=C(CC)NC1=NC=C(C(F)(F)F)C=C1Cl,6,1,0.8787488888377353,True,252.027725216,2,1,3.1023000000000014,2,41.99,0,0
9551,O=C(N)CNC1=NN=C(C(F)(F)F)C=C1Cl,6,1,0.8446639897511468,True,254.018223152,4,2,1.0459999999999998,3,80.9,0,0
9568,O=C(O)C1=CC=CC=C1C(=O)CF,6,1,0.7210424058871504,True,182.037922304,2,1,1.537,3,54.37,0,0
9580,CCC=CC1=CC=CC=C1C(C)CCC=O,6,1,0.6514628173998643,True,216.15141526,1,0,4.192400000000003,6,17.07,0,0
9588,CC(C)SC(C)OCCC(CC1=CC=CC2=CC=C)C=C12,6,2,0.7130197592808345,True,302.170436452,2,0,3.500200000000002,7,9.23,0,0
9593,P=C(NCC1=CC=CC=C1)CCC(C)CF,6,1,0.7186572805011542,True,239.12391445799997,0,1,3.434700000000002,7,12.03,0,0
9652,O=CCCC1=CC=CN=C1NC(=O)CCl,6,1,0.6098326721201162,True,226.050905272,3,1,1.3903999999999999,5,59.06,0,0
9654,OCC1=CC=C(F)C=C1Br,6,1,0.7435005350072793,True,203.958605132,1,1,2.0805,1,20.23,0,0
9662,CC(C)(C)C1OC=CC=C1OC2=CC(CC3CCOCC3)=CC#C2,6,3,0.8164386824302589,True,326.18819469199997,3,0,4.477380000000004,4,27.69,0,0
9664,C=CC=C(C)C=CC=C(CNC1=NC=NS1)O,5,1,0.6006052445200164,True,249.0935831,5,2,3.0804,6,58.040000000000006,0,0
9669,FC=CN(CC1=CC=C(F)C=C1)F,6,1,0.6573397717530617,True,187.060883916,1,0,2.9529000000000014,3,3.24,0,0
9711,C1C=CC2=C1NC=C2CC#CC=C,5,2,0.6208509631661688,True,169.089149352,0,1,2.3159,1,15.79,0,0
9711,C12C=CC=C2C=C(CN)CN1C=C,6,2,0.6811667322321338,True,174.115698448,2,1,1.1954,2,29.259999999999998,0,0
9734,CC1C(C)NC(C)=C1CC(=O)NC(C)CC(C)CC(C)(CCF)F,5,1,0.6550957847624327,True,344.26392014799995,2,2,4.287100000000003,9,41.13,0,0
9741,CC=CCC1CC2=CC=CN=C2N1C3=NN=CN3C=C,6,3,0.799131545760284,True,267.148395544,5,0,2.802600000000001,4,46.84,0,0
9742,CC(=O)C1CC(=O)C2=CC=CC=C21,6,2,0.6516435638537204,True,174.06807956,2,0,1.9456,1,34.14,0,0
9760,CCOC1OC(O)=NC=C1Cl,6,1,0.6933548766767299,True,177.019270796,3,1,1.3734,2,51.05,0,0
9760,CCOC1=NC(O)=NC=C1Cl,6,1,0.7330275470922581,True,174.019605144,4,1,1.2342999999999997,2,55.24,0,0
9816,C1=CC=CC=C1CC(=O)C(C)(C)C=CC=C,6,1,0.6847686221959676,True,214.135765196,1,0,3.566600000000003,5,17.07,0,0
9843,CN(C)C(=O)C(=O)C1=CC=CC=C1C(=O)C2=CC=CC=C2,6,2,0.6373696340554688,True,281.10519334,3,0,2.1885000000000003,4,54.45,0,0
9849,C=C1N(CCCC1)C(=O)CCC(C(=O)C2)CC2C(=O)Cl,6,2,0.7496756536762929,True,297.11317118,3,0,2.653500000000001,4,54.45,0,0
9866,OC1=CC=CC=C1CC=CC=CCF,6,1,0.7268693075879029,True,192.095043256,1,1,3.0166000000000013,4,20.23,0,0
9866,CCC1=CC=CC=C1CC=CC=CCF,6,1,0.6385276480800196,True,204.131428764,0,0,3.873400000000003,5,0.0,0,0
9866,OC1=CC=CC=C1CC=CC=CC#CBr,6,1,0.6541671027180359,True,261.999327072,1,1,3.4029000000000025,3,20.23,0,0
9867,OC(C)C(=O)C1=CC=C(O)C=C1C=CC=CC=CCl,6,1,0.6418463825701083,True,278.07097202000006,3,2,3.2776000000000023,5,57.53,0,0
9940,C1C=CC=C1C=CC=CC=CC2=CN=CN2C#N,5,2,0.7517263388598209,True,235.110947416,3,0,3.2241800000000014,4,41.61,0,0
9940,CC1=CC=C(C2=CC=C(C=CC3=CN=CN3CCNC)C2)C=C1N=CF,6,3,0.7489043780582147,True,350.19067495600007,4,1,4.467120000000004,7,42.21,0,0
9953,C1C(C)C=CC=C1C(C)OCC=O,6,1,0.6192769404982366,True,180.115029752,2,0,2.1128,4,26.3,0,0
9981,OC(C)CCC1CCCC1C#CF,5,1,0.6680290951740789,True,184.126343384,1,1,2.4941000000000004,3,20.23,0,0
9982,CCC(=O)C1=CC=C(OC2=CC=CN=C2C)C1CC=O,6,2,0.7464570467997491,True,271.120843404,4,0,2.777020000000001,6,56.26,0,0
9982,CCC(=O)C1=CC=C(OC2=CC=CC=C2C)C1CC=O,6,2,0.7441777690979514,True,270.12559443600003,3,0,3.3820200000000016,6,43.370000000000005,0,0
9986,CCC=NC(O)N1N=CN=C1C(F)=CCF,5,1,0.7792083720117898,True,230.097917444,5,1,1.4872,5,63.300000000000004,0,0
9997,COCCC(=S)OC1=CC=CC=N1,6,1,0.6889737116792676,True,197.051049592,4,0,1.8243,4,31.35,0,0
