name,smiles,fps
sertraline,CN[C@H]1CC[C@@H](c2ccc(Cl)c(Cl)c2)c2ccccc21,"[0, 33, 296, 297, 340, 668, 676, 677, 809, 1565, 1644, 1653, 1792, 1795, 2258, 2974, 2978, 3223, 3414, 3545, 3584, 3595, 3639, 3681, 3691, 3703, 3709, 3732, 3739, 3749, 3772, 3820, 3868, 3872, 3881, 3925, 4079, 4286]"
methadone,CCC(=O)C(CC(C)N(C)C)(c1ccccc1)c1ccccc1,"[0, 13, 66, 68, 296, 297, 298, 465, 503, 668, 1153, 1157, 1192, 1235, 1563, 2261, 2263, 2305, 2974, 2978, 3024, 3223, 3267, 3381, 3401, 3454, 3639, 3642, 3645, 3660, 3670, 3681, 3691, 3700, 3703, 3705, 3708, 3709, 3711, 3718, 3728, 3732, 3739, 3740, 3749, 3750, 3772, 3881, 3883, 3925, 3936, 4079, 4330, 4469, 4515]"
norfloxacin,CCn1cc(C(=O)O)c(=O)c2cc(F)c(N3CCNCC3)cc21,"[296, 340, 382, 465, 466, 475, 604, 668, 676, 1147, 1192, 1405, 1930, 2259, 2261, 2418, 2948, 2974, 3024, 3142, 3162, 3178, 3223, 3608, 3749, 3772, 3781, 3881, 3891, 3925, 3942, 3955, 4031, 4066, 4079, 4293, 4330, 4498, 4694]"
meloxicam,Cc1cnc(NC(=O)C2=C(O)c3ccccc3S(=O)(=O)N2C)s1,"[668, 676, 838, 1147, 1192, 1565, 2261, 2263, 2313, 2780, 2854, 2948, 2974, 2985, 3009, 3024, 3199, 3223, 3294, 3439, 3454, 3749, 3772, 3786, 3881, 3900, 3925, 3939, 3944, 3954, 3955, 4079, 4138, 4141, 4230, 4236, 4274, 4280, 4284, 4285, 4293, 4319, 4325, 4327, 4328, 4330, 4590, 4812, 4842, 4852]"
furosemide,NS(=O)(=O)c1cc(C(=O)O)c(NCc2ccco2)cc1Cl,"[296, 466, 579, 676, 803, 1145, 1147, 1192, 1405, 1636, 1930, 2258, 2780, 2814, 2854, 2948, 2974, 3024, 3158, 3545, 3601, 3609, 3820, 3843, 3868, 3874, 3881, 3942, 3955, 4079, 4245, 4246, 4258, 4265, 4287, 4319, 4325, 4327, 4328, 4330, 4490, 4590, 4627, 4644, 4694, 4812, 4842, 4852]"
tradazone,O=c1n(CCCN2CCN(c3cccc(Cl)c3)CC2)nc2ccccn12,"[296, 340, 343, 437, 604, 619, 1588, 1590, 1615, 2258, 2261, 2427, 2974, 3162, 3178, 3223, 3639, 3739, 3740, 3749, 3750, 3751, 3756, 3762, 3772, 3781, 3820, 3868, 3881, 3883, 3891, 3918, 3920, 3925, 3942, 4079, 4258, 4293, 4330]"
acebutolol,CCCC(=O)Nc1ccc(OCC(O)CNC(C)C)c(C(C)=O)c1,"[0, 13, 16, 91, 296, 297, 299, 325, 326, 335, 340, 381, 400, 402, 465, 466, 469, 503, 505, 646, 668, 676, 677, 682, 705, 757, 760, 838, 865, 1147, 1192, 1224, 1262, 1644, 2546, 2563, 2565, 2711, 2948, 2974, 3024, 3223, 3282, 3284, 3294, 3401, 3405, 3407, 3433, 3435, 3454, 3586, 3589, 3605, 3639, 3646, 3670, 3681, 3691, 3692, 3700, 3732, 3739, 3743, 3749, 3772, 3781, 3783, 3785, 3787, 3881, 3925, 3936, 3942, 3945, 3946, 3947, 3955, 3999, 4079, 4236, 4253, 4283, 4292, 4294, 4330, 4734, 4762, 4828]"
fluvoxamine,COCCCC/C(=N\OCCN)c1ccc(C(F)(F)F)cc1,"[296, 340, 343, 345, 374, 396, 443, 492, 646, 651, 668, 1145, 1153, 1535, 1641, 2259, 2546, 2585, 2666, 2974, 3012, 3223, 3263, 3442, 3451, 3528, 3537, 3639, 3669, 3681, 3691, 3703, 3705, 3709, 3729, 3736, 3743, 3749, 3787, 3788, 3881, 3955, 3956, 4031, 4045, 4052, 4079, 4112, 4294, 4330, 4833]"
cocaine,COC(=O)[C@H]1[C@@H](OC(=O)c2ccccc2)C[C@@H]2CC[C@H]1N2C,"[0, 1, 19, 66, 71, 296, 297, 340, 668, 1192, 1425, 1523, 1563, 2261, 2263, 2546, 2547, 2666, 2672, 2974, 3024, 3075, 3150, 3155, 3156, 3223, 3327, 3368, 3374, 3395, 3398, 3399, 3401, 3407, 3409, 3454, 3639, 3653, 3654, 3658, 3659, 3660, 3670, 3682, 3691, 3696, 3700, 3705, 3707, 3708, 3711, 3715, 3717, 3718, 3720, 3721, 3724, 3726, 3727, 3728, 3729, 3730, 3732, 3736, 3737, 3739, 3740, 3743, 3745, 3749, 3750, 3751, 3772, 3781, 3787, 3788, 3805, 3881, 3883, 3894, 3897, 3910, 3913, 3914, 3925, 3936, 3955, 3956, 3958, 3970, 4079, 4289, 4290, 4292, 4330, 4644, 4694, 4812]"
celecoxib,Cc1ccc(-c2cc(C(F)(F)F)nn2-c2ccc(S(N)(=O)=O)cc2)cc1,"[668, 1145, 1153, 1535, 1641, 1723, 1724, 1749, 1944, 2259, 2780, 2814, 2854, 2885, 2974, 3180, 4031, 4052, 4079, 4319, 4325, 4327, 4328, 4330, 4590, 4842, 4852]"
clotiazepam,CCc1cc2c(s1)N(C)C(=O)CN=C2c1ccccc1Cl,"[296, 465, 503, 553, 668, 1192, 1565, 1582, 1936, 2258, 2261, 2263, 2264, 2307, 2974, 3012, 3024, 3160, 3223, 3294, 3454, 3598, 3610, 3618, 3749, 3767, 3772, 3820, 3868, 3881, 3906, 3925, 3927, 3941, 4079, 4112, 4236, 4280, 4285, 4293, 4330]"
trichlormethiazide,NS(=O)(=O)c1cc2c(cc1Cl)NC(C(Cl)Cl)NS2(=O)=O,"[0, 1, 676, 677, 1138, 1143, 1144, 1145, 1930, 2258, 2780, 2814, 2854, 2974, 3223, 3748, 3749, 3786, 3820, 3848, 3868, 3874, 3880, 3881, 3942, 3954, 4079, 4245, 4246, 4258, 4319, 4323, 4325, 4327, 4328, 4330, 4590, 4842, 4852]"
formoterol,COc1ccc(CC(C)NCC(O)c2ccc(O)c(NC=O)c2)cc1,"[0, 13, 16, 188, 296, 297, 298, 299, 466, 581, 591, 668, 676, 677, 682, 757, 1147, 1641, 1644, 1770, 1810, 2546, 2666, 2710, 2948, 2974, 3024, 3223, 3401, 3429, 3559, 3586, 3589, 3639, 3680, 3681, 3702, 3703, 3749, 3772, 3781, 3785, 3787, 3881, 3925, 3936, 3942, 3947, 3955, 3999, 4079, 4236, 4267, 4294, 4330, 4768, 4812]"
febuxostat,Cc1nc(-c2ccc(OCC(C)C)c(C#N)c2)sc1C(=O)O,"[0, 13, 91, 296, 297, 298, 306, 646, 668, 1147, 1152, 1192, 1405, 1493, 1644, 2150, 2546, 2563, 2564, 2711, 2948, 2974, 2976, 3024, 3199, 3223, 3368, 3398, 3605, 3624, 3639, 3743, 3787, 3955, 3999, 4079, 4080, 4330, 4505, 4694]"
indapamide,CC1Cc2ccccc2N1NC(=O)c1ccc(Cl)c(S(N)(=O)=O)c1,"[0, 13, 296, 297, 298, 668, 676, 838, 1123, 1145, 1192, 1565, 1644, 1792, 2258, 2261, 2780, 2814, 2854, 2974, 3024, 3081, 3223, 3401, 3545, 3601, 3639, 3681, 3703, 3749, 3820, 3843, 3868, 3874, 3881, 3942, 3948, 4079, 4158, 4236, 4286, 4300, 4312, 4316, 4317, 4319, 4325, 4327, 4328, 4330, 4490, 4590, 4842, 4852]"
tamoxifen,CC/C(=C(\c1ccccc1)c1ccc(OCCN(C)C)cc1)c1ccccc1,"[296, 340, 434, 441, 443, 465, 607, 628, 646, 668, 1563, 1641, 2261, 2263, 2305, 2546, 2710, 2974, 2978, 2985, 3223, 3439, 3559, 3639, 3681, 3703, 3749, 3750, 3772, 3787, 3881, 3883, 3925, 3947, 3955, 3999, 4079, 4294, 4330]"
haloperidol,O=C(CCCN1CCC(O)(c2ccc(Cl)cc2)CC1)c1ccc(F)cc1,"[296, 340, 343, 367, 400, 437, 503, 550, 604, 619, 1147, 1153, 1156, 1192, 1451, 1470, 1641, 1785, 1797, 2258, 2259, 2261, 2948, 2974, 3024, 3048, 3156, 3223, 3282, 3381, 3407, 3429, 3454, 3545, 3547, 3639, 3644, 3670, 3681, 3691, 3700, 3703, 3705, 3709, 3728, 3732, 3739, 3740, 3743, 3749, 3750, 3751, 3756, 3772, 3781, 3787, 3820, 3868, 3881, 3883, 3914, 3925, 3955, 4031, 4058, 4066, 4079, 4292, 4330, 4812]"
naratriptan,CNS(=O)(=O)CCc1ccc2[nH]cc(C3CCN(C)CC3)c2c1,"[0, 231, 296, 297, 340, 434, 452, 456, 457, 604, 607, 662, 663, 664, 668, 676, 809, 1138, 1143, 1144, 1644, 1921, 2261, 2263, 2780, 2809, 2854, 2974, 3053, 3077, 3156, 3223, 3489, 3639, 3674, 3681, 3691, 3701, 3705, 3728, 3732, 3739, 3740, 3749, 3750, 3751, 3772, 3781, 3808, 3813, 3814, 3881, 3883, 3914, 3925, 3954, 4018, 4020, 4022, 4079, 4319, 4327, 4328, 4330, 4842]"
bepridil,CC(C)COCC(CN(Cc1ccccc1)c1ccccc1)N1CCCC1,"[0, 13, 91, 296, 297, 298, 306, 340, 343, 565, 604, 646, 647, 668, 1563, 2261, 2262, 2266, 2413, 2546, 2563, 2564, 2974, 3155, 3223, 3368, 3398, 3401, 3639, 3691, 3732, 3739, 3740, 3743, 3749, 3750, 3751, 3756, 3762, 3772, 3781, 3785, 3787, 3788, 3881, 3883, 3891, 3913, 3925, 3936, 3942, 3947, 3955, 3956, 4079, 4286, 4292, 4293, 4294, 4330]"
papaverine,COc1ccc(Cc2nccc3cc(OC)c(OC)cc23)cc1OC,"[296, 592, 668, 1644, 1815, 1930, 1998, 2546, 2666, 2711, 2713, 2974, 3558, 3559, 3590, 3607, 3955, 3999, 4004, 4005, 4330, 4769]"
loratidine,CCOC(=O)N1CCC(=C2c3ccc(Cl)cc3CCc3cccnc32)CC1,"[296, 340, 465, 604, 609, 620, 646, 653, 668, 1192, 1519, 1633, 1644, 1786, 2258, 2261, 2264, 2265, 2546, 2594, 2672, 2974, 2985, 3024, 3156, 3223, 3439, 3545, 3584, 3595, 3607, 3608, 3639, 3681, 3691, 3705, 3728, 3732, 3734, 3739, 3740, 3741, 3749, 3750, 3751, 3755, 3772, 3780, 3781, 3787, 3788, 3802, 3805, 3820, 3868, 3881, 3883, 3888, 3914, 3925, 3933, 3941, 3955, 3956, 3967, 3970, 4079, 4204, 4236, 4330, 4538, 4694]"
propanidid,CCCOC(=O)Cc1ccc(OCC(=O)N(CC)CC)c(OC)c1,"[296, 340, 381, 443, 446, 465, 503, 556, 592, 604, 606, 609, 611, 620, 646, 653, 668, 1192, 1498, 1514, 1644, 2261, 2264, 2287, 2288, 2546, 2583, 2597, 2656, 2658, 2666, 2672, 2711, 2713, 2739, 2974, 3024, 3223, 3294, 3327, 3454, 3558, 3559, 3590, 3639, 3679, 3680, 3681, 3743, 3745, 3749, 3750, 3751, 3755, 3756, 3772, 3774, 3777, 3780, 3781, 3785, 3787, 3788, 3789, 3805, 3881, 3883, 3888, 3925, 3927, 3931, 3941, 3947, 3955, 3956, 3958, 3970, 3999, 4004, 4005, 4079, 4190, 4236, 4294, 4330, 4515, 4658, 4694, 4748, 4769, 4810, 4819]"
bromopheniramine,CN(C)CCC(c1ccc(Br)cc1)c1ccccn1,"[0, 44, 52, 296, 297, 340, 434, 441, 607, 628, 668, 1149, 1588, 1641, 1774, 2261, 2263, 2305, 2949, 2968, 2974, 3223, 3524, 3607, 3639, 3681, 3703, 3739, 3740, 3749, 3750, 3772, 3881, 3883, 3925, 4079]"
lorazepam,O=C1Nc2ccc(Cl)cc2C(c2ccccc2Cl)=NC1O,"[0, 16, 19, 676, 838, 839, 1147, 1192, 1565, 1582, 1644, 1786, 2258, 2948, 2974, 2978, 3012, 3024, 3223, 3294, 3454, 3584, 3598, 3601, 3749, 3767, 3787, 3820, 3856, 3862, 3868, 3881, 3906, 3942, 3955, 4079, 4087, 4112, 4190, 4236, 4249, 4280, 4285, 4293, 4294, 4330, 4810]"
tadalafil,CN1CC(=O)N2[C@H](c3ccc4c(c3)OCO4)c3[nH]c4ccccc4c3C[C@@H]2C1=O,"[0, 19, 56, 296, 297, 301, 503, 607, 609, 629, 646, 668, 1192, 1565, 1644, 1894, 2036, 2037, 2261, 2263, 2264, 2307, 2546, 2711, 2759, 2974, 3024, 3053, 3063, 3065, 3077, 3178, 3221, 3223, 3294, 3301, 3401, 3403, 3417, 3454, 3477, 3489, 3522, 3558, 3559, 3563, 3571, 3590, 3639, 3646, 3647, 3670, 3674, 3701, 3739, 3740, 3749, 3750, 3751, 3752, 3772, 3774, 3776, 3780, 3781, 3782, 3784, 3881, 3883, 3888, 3892, 3893, 3920, 3925, 3927, 3936, 3941, 3944, 3955, 3999, 4004, 4079, 4236, 4280, 4285, 4286, 4293, 4330, 4519, 4530, 4769]"
sunitinib,CCN(CC)CCNC(=O)c1c(C)[nH]c(/C=C2\C(=O)Nc3ccc(F)cc32)c1C,"[296, 340, 382, 386, 433, 437, 439, 465, 466, 479, 604, 606, 619, 626, 668, 676, 784, 838, 1192, 1290, 1644, 2036, 2259, 2261, 2287, 2974, 2985, 3009, 3024, 3053, 3081, 3223, 3294, 3439, 3454, 3526, 3563, 3585, 3601, 3681, 3749, 3750, 3751, 3756, 3762, 3763, 3772, 3780, 3781, 3881, 3883, 3925, 3941, 3942, 4031, 4061, 4066, 4079, 4138, 4236, 4251, 4284, 4293, 4330, 4386, 4515]"
famotidine,NC(N)=Nc1nc(CSCC/C(N)=N/S(N)(=O)=O)cs1,"[296, 340, 457, 458, 664, 1145, 2033, 2780, 2814, 2854, 2974, 3012, 3199, 3223, 3442, 3624, 3639, 3739, 3749, 3808, 3815, 3881, 4018, 4079, 4121, 4274, 4319, 4327, 4328, 4330, 4842]"
omeprazole,COc1ccc2[nH]c([S+]([O-])Cc3ncc(C)c(OC)c3C)nc2c1,"[296, 664, 668, 1146, 1644, 2148, 2199, 2546, 2666, 2854, 2974, 3033, 3205, 3607, 3608, 3955, 3999, 4018, 4028, 4330, 4842]"
phenylbutazone,CCCCC1C(=O)N(c2ccccc2)N(c2ccccc2)C1=O,"[0, 19, 296, 297, 301, 340, 343, 361, 381, 465, 668, 1192, 1563, 2261, 2264, 2266, 2974, 3024, 3223, 3294, 3302, 3324, 3368, 3374, 3395, 3454, 3639, 3646, 3650, 3652, 3658, 3670, 3691, 3692, 3700, 3705, 3706, 3708, 3711, 3712, 3717, 3728, 3732, 3739, 3749, 3881, 3942, 3948, 3952, 4079, 4180, 4181, 4236, 4290, 4300, 4316, 4317, 4330, 4511, 4578]"
fluoxetine,CNCCC(Oc1ccc(C(F)(F)F)cc1)c1ccccc1,"[0, 32, 296, 297, 340, 382, 466, 668, 676, 809, 1153, 1535, 1563, 1641, 2259, 2546, 2547, 2710, 2974, 3223, 3429, 3559, 3639, 3681, 3703, 3739, 3743, 3749, 3772, 3787, 3881, 3925, 3955, 3999, 4031, 4045, 4052, 4079, 4292, 4330, 4812]"
cetirizine,O=C(O)COCCN1CCN(C(c2ccccc2)c2ccc(Cl)cc2)CC1,"[0, 32, 44, 53, 296, 340, 432, 437, 443, 503, 547, 604, 619, 646, 647, 1147, 1192, 1405, 1563, 1641, 1785, 2258, 2261, 2427, 2546, 2597, 2650, 2948, 2974, 2978, 3024, 3178, 3223, 3327, 3454, 3545, 3749, 3750, 3751, 3756, 3762, 3772, 3781, 3785, 3787, 3788, 3820, 3868, 3881, 3883, 3920, 3925, 3947, 3955, 3956, 4079, 4286, 4293, 4294, 4330, 4694, 4802, 4810, 4828]"
nifedipine,COC(=O)C1=C(C)NC(C)=C(C(=O)OC)C1c1ccccc1[N+](=O)[O-],"[0, 33, 34, 668, 671, 676, 1146, 1192, 1523, 1565, 1568, 2379, 2546, 2666, 2672, 2933, 2974, 2985, 3009, 3024, 3223, 3327, 3381, 3411, 3439, 3454, 3593, 3601, 3639, 3653, 3654, 3670, 3681, 3691, 3696, 3700, 3703, 3705, 3707, 3708, 3729, 3736, 3743, 3749, 3772, 3781, 3787, 3788, 3881, 3925, 3939, 3955, 3956, 3958, 3970, 4079, 4116, 4230, 4330, 4520, 4521, 4609, 4664, 4665, 4666, 4694, 4809, 4832]"
zopiclone,CN1CCN(C(=O)OC2c3nccnc3C(=O)N2c2ccc(Cl)cn2)CC1,"[0, 71, 296, 340, 434, 604, 607, 609, 620, 668, 1192, 1658, 1791, 2127, 2258, 2261, 2263, 2264, 2427, 2432, 2443, 2546, 2547, 2672, 2974, 3024, 3178, 3223, 3749, 3750, 3751, 3755, 3772, 3780, 3781, 3820, 3875, 3881, 3883, 3888, 3920, 3925, 3933, 3941, 3955, 3956, 3967, 3970, 4079, 4204, 4236, 4268, 4293, 4330, 4540, 4559, 4694]"
fluconazole,OC(Cn1cncn1)(Cn1cncn1)c1ccc(F)cc1F,"[296, 1147, 1153, 1156, 1644, 1798, 2259, 2397, 2948, 2974, 3223, 3381, 3407, 3429, 3547, 3548, 3599, 3639, 3681, 3787, 3955, 4031, 4064, 4066, 4330, 4812]"
piroxicam,CN1C(C(=O)Nc2ccccn2)=C(O)c2ccccc2S1(=O)=O,"[668, 676, 838, 990, 1147, 1192, 1565, 1588, 2261, 2263, 2313, 2780, 2854, 2948, 2974, 2985, 3009, 3024, 3223, 3294, 3439, 3454, 3749, 3772, 3786, 3881, 3900, 3925, 3939, 3944, 3954, 3955, 4079, 4138, 4141, 4230, 4236, 4268, 4280, 4284, 4285, 4293, 4319, 4325, 4327, 4328, 4330, 4590, 4812, 4842, 4852]"
chlorpromazine,CN(C)CCCN1c2ccccc2Sc2ccc(Cl)cc21,"[296, 340, 343, 373, 434, 441, 607, 628, 668, 1565, 1644, 1786, 2258, 2261, 2263, 2305, 2516, 2854, 2974, 3223, 3639, 3739, 3740, 3749, 3750, 3772, 3820, 3868, 3881, 3883, 3925, 3942, 4079, 4120, 4258, 4842, 4852]"
nimesulide,CS(=O)(=O)Nc1ccc([N+](=O)[O-])cc1Oc1ccccc1,"[668, 671, 676, 1138, 1140, 1143, 1144, 1146, 1563, 1644, 1732, 2379, 2546, 2693, 2780, 2795, 2854, 2875, 2933, 2974, 4018, 4020, 4022, 4079, 4116, 4243, 4259, 4267, 4319, 4327, 4328, 4330, 4747, 4832, 4842]"
chloroquine,CCN(CC)CCCC(C)Nc1ccnc2cc(Cl)ccc12,"[0, 13, 296, 297, 298, 340, 343, 372, 433, 437, 439, 465, 604, 606, 619, 626, 668, 676, 677, 682, 701, 1644, 1786, 2258, 2261, 2287, 2974, 3142, 3223, 3401, 3639, 3660, 3691, 3705, 3728, 3732, 3739, 3740, 3749, 3750, 3751, 3756, 3761, 3772, 3781, 3820, 3868, 3881, 3883, 3925, 4079]"
warfarin,CC(=O)CC(c1ccccc1)c1c(O)c2ccccc2oc1=O,"[0, 9, 11, 32, 296, 297, 503, 504, 668, 1147, 1192, 1262, 1563, 1565, 2068, 2095, 2948, 2974, 3024, 3223, 3267, 3454, 3639, 3642, 3670, 3681, 3691, 3703, 3709, 4330, 4393, 4409, 4520, 4704]"
clotrimazole,Clc1ccccc1C(c1ccccc1)(c1ccccc1)n1ccnc1,"[1153, 1157, 1563, 1565, 1582, 2258, 2392, 2974, 2978, 3095, 3598, 3820, 3868]"
atenolol,CC(C)NCC(O)COc1ccc(CC(N)=O)cc1,"[0, 13, 16, 91, 296, 297, 299, 325, 326, 335, 466, 469, 503, 546, 581, 591, 646, 668, 676, 677, 682, 705, 757, 760, 1145, 1147, 1192, 1404, 1641, 2546, 2563, 2565, 2710, 2738, 2948, 2974, 3024, 3223, 3294, 3401, 3405, 3407, 3433, 3435, 3454, 3559, 3639, 3680, 3681, 3739, 3743, 3749, 3772, 3781, 3783, 3785, 3787, 3881, 3925, 3936, 3945, 3946, 3947, 3955, 3999, 4079, 4236, 4283, 4292, 4294, 4330, 4515, 4828]"
tropicamide,CCN(Cc1ccncc1)C(=O)C(CO)c1ccccc1,"[0, 19, 32, 296, 297, 301, 465, 493, 604, 606, 609, 620, 668, 1147, 1192, 1563, 1906, 2261, 2264, 2288, 2948, 2974, 3024, 3223, 3294, 3381, 3454, 3615, 3639, 3646, 3647, 3670, 3681, 3739, 3740, 3743, 3749, 3750, 3751, 3772, 3774, 3776, 3780, 3781, 3787, 3881, 3883, 3888, 3925, 3927, 3941, 3955, 4079, 4236, 4288, 4292, 4330, 4515, 4819]"
diclofenac,O=C(O)Cc1ccccc1Nc1c(Cl)cccc1Cl,"[296, 503, 547, 676, 972, 1147, 1192, 1405, 1565, 1591, 2100, 2258, 2948, 2974, 3024, 3223, 3327, 3454, 3601, 3681, 3787, 3820, 3865, 3868, 3955, 4079, 4266, 4330, 4515, 4658, 4694, 4819]"
metoprolol,COCCc1ccc(OCC(O)CNC(C)C)cc1,"[0, 13, 16, 91, 296, 297, 299, 325, 326, 335, 340, 443, 466, 469, 581, 591, 646, 651, 668, 676, 677, 682, 705, 757, 760, 1147, 1641, 2546, 2563, 2565, 2666, 2710, 2948, 2974, 3223, 3401, 3405, 3407, 3433, 3435, 3559, 3639, 3680, 3681, 3739, 3743, 3749, 3772, 3781, 3783, 3785, 3787, 3788, 3881, 3925, 3936, 3945, 3946, 3947, 3955, 3956, 3999, 4079, 4283, 4292, 4294, 4330, 4819, 4828]"
atenolol,CC(C)NCC(O)COc1ccc(CC(N)=O)cc1,"[0, 13, 16, 91, 296, 297, 299, 325, 326, 335, 466, 469, 503, 546, 581, 591, 646, 668, 676, 677, 682, 705, 757, 760, 1145, 1147, 1192, 1404, 1641, 2546, 2563, 2565, 2710, 2738, 2948, 2974, 3024, 3223, 3294, 3401, 3405, 3407, 3433, 3435, 3454, 3559, 3639, 3680, 3681, 3739, 3743, 3749, 3772, 3781, 3783, 3785, 3787, 3881, 3925, 3936, 3945, 3946, 3947, 3955, 3999, 4079, 4236, 4283, 4292, 4294, 4330, 4515, 4828]"
amobarbital,CCC1(CCC(C)C)C(=O)NC(=O)NC1=O,"[0, 13, 91, 296, 297, 298, 306, 340, 341, 465, 668, 676, 838, 890, 899, 1153, 1154, 1192, 1409, 2974, 3024, 3223, 3294, 3335, 3336, 3338, 3368, 3374, 3395, 3397, 3454, 3639, 3646, 3647, 3656, 3658, 3659, 3663, 3670, 3691, 3692, 3700, 3705, 3706, 3708, 3711, 3712, 3717, 3718, 3725, 3728, 3732, 3734, 3739, 3741, 3749, 3772, 3778, 3780, 3881, 3925, 3927, 3932, 3941, 4079, 4180, 4181, 4192, 4196, 4236, 4290, 4330, 4373, 4511, 4558]"
modafinil,NC(=O)C[S+]([O-])C(c1ccccc1)c1ccccc1,"[0, 32, 296, 503, 546, 664, 1145, 1146, 1192, 1404, 1563, 2854, 2855, 2869, 2872, 2974, 2978, 3024, 3223, 3294, 3454, 3749, 3808, 3815, 3881, 4018, 4079, 4191, 4236, 4295, 4330, 4842, 4855, 4856]"
fenspiride,O=C1NCC2(CCN(CCc3ccccc3)CC2)O1,"[296, 340, 412, 437, 466, 479, 565, 604, 619, 676, 838, 923, 1153, 1192, 1563, 2261, 2546, 2672, 2974, 3024, 3156, 3223, 3359, 3360, 3368, 3395, 3397, 3407, 3408, 3409, 3433, 3639, 3658, 3659, 3681, 3691, 3705, 3728, 3732, 3734, 3739, 3740, 3741, 3743, 3745, 3749, 3750, 3751, 3756, 3772, 3780, 3781, 3787, 3788, 3802, 3805, 3881, 3883, 3897, 3914, 3925, 3933, 3941, 3945, 3947, 3955, 3956, 3967, 3970, 4079, 4204, 4236, 4292, 4294, 4330, 4694, 4825]"
tolmetin,Cc1ccc(C(=O)c2ccc(CC(=O)O)n2C)cc1,"[296, 503, 547, 668, 1147, 1192, 1405, 1451, 1460, 1641, 1749, 2948, 2974, 3024, 3223, 3327, 3454, 3528, 3533, 3787, 3955, 4330, 4694]"
clenbuterol,CC(C)(C)NCC(O)c1cc(Cl)c(N)c(Cl)c1,"[0, 16, 296, 297, 299, 466, 476, 668, 676, 757, 820, 821, 825, 828, 1145, 1147, 1153, 1155, 1159, 1172, 1931, 1988, 2258, 2948, 2974, 3223, 3352, 3368, 3401, 3429, 3549, 3584, 3639, 3681, 3749, 3772, 3781, 3785, 3787, 3820, 3865, 3868, 3881, 3925, 3935, 3936, 3947, 3955, 4079, 4266, 4294, 4330, 4812]"
sulfathiazole,Nc1ccc(S(=O)(=O)Nc2nccs2)cc1,"[676, 1098, 1138, 1143, 1144, 1145, 1641, 1723, 1766, 2130, 2780, 2854, 2885, 3199, 4079, 4245, 4246, 4274, 4319, 4325, 4327, 4328, 4330, 4590, 4600, 4842, 4852]"
diltiazem,COc1ccc([C@@H]2Sc3ccccc3N(CCN(C)C)C(=O)[C@@H]2OC(C)=O)cc1,"[0, 1, 19, 44, 71, 296, 340, 434, 441, 607, 609, 628, 668, 1192, 1262, 1565, 1641, 1810, 2261, 2263, 2264, 2305, 2546, 2547, 2666, 2672, 2681, 2710, 2715, 2854, 2855, 2974, 3024, 3223, 3294, 3327, 3330, 3407, 3409, 3433, 3454, 3559, 3639, 3646, 3647, 3670, 3680, 3681, 3702, 3703, 3739, 3749, 3750, 3772, 3774, 3776, 3777, 3780, 3781, 3785, 3787, 3788, 3789, 3805, 3808, 3881, 3883, 3891, 3925, 3927, 3931, 3941, 3942, 3945, 3947, 3955, 3956, 3958, 3970, 3999, 4018, 4027, 4079, 4190, 4236, 4293, 4294, 4330, 4520, 4532, 4694, 4727, 4810, 4819, 4830, 4842, 4852, 4856, 4857]"
gefitinib,COc1cc2ncnc(Nc3ccc(F)c(Cl)c3)c2cc1OCCCN1CCOCC1,"[296, 340, 343, 374, 432, 437, 443, 604, 619, 643, 646, 647, 668, 676, 1049, 1644, 1653, 1799, 1930, 2136, 2258, 2259, 2261, 2447, 2546, 2666, 2974, 3144, 3179, 3190, 3223, 3639, 3739, 3740, 3743, 3749, 3750, 3751, 3756, 3771, 3772, 3781, 3785, 3787, 3788, 3820, 3868, 3881, 3883, 3921, 3925, 3947, 3955, 3956, 3999, 4004, 4005, 4031, 4066, 4070, 4079, 4251, 4258, 4292, 4294, 4330, 4769]"
iloperidone,COc1cc(C(C)=O)ccc1OCCCN1CCC(c2noc3cc(F)ccc23)CC1,"[0, 231, 296, 297, 340, 343, 374, 437, 443, 604, 619, 637, 646, 668, 1192, 1262, 1644, 2259, 2261, 2546, 2666, 2711, 2713, 2736, 2974, 3024, 3156, 3181, 3223, 3280, 3282, 3454, 3558, 3559, 3590, 3639, 3679, 3680, 3681, 3691, 3705, 3728, 3732, 3739, 3740, 3743, 3749, 3750, 3751, 3756, 3772, 3781, 3787, 3881, 3883, 3914, 3925, 3955, 3999, 4004, 4005, 4031, 4066, 4079, 4292, 4330, 4716, 4717, 4746, 4769]"
ezetimibe,O=C1[C@H](CC[C@H](O)c2ccc(F)cc2)[C@@H](c2ccc(O)cc2)N1c1ccc(F)cc1,"[0, 1, 16, 19, 44, 51, 55, 296, 297, 299, 301, 340, 1147, 1192, 1641, 1768, 1797, 2259, 2261, 2264, 2948, 2974, 3024, 3223, 3294, 3368, 3374, 3395, 3414, 3429, 3454, 3547, 3559, 3639, 3646, 3647, 3658, 3670, 3680, 3681, 3691, 3692, 3700, 3702, 3703, 3705, 3706, 3708, 3709, 3728, 3729, 3732, 3734, 3736, 3739, 3741, 3743, 3749, 3772, 3780, 3787, 3881, 3891, 3925, 3927, 3941, 3942, 3955, 4031, 4061, 4066, 4079, 4236, 4251, 4286, 4290, 4330, 4520, 4727, 4812]"
fenticonazole,Clc1ccc(C(Cn2ccnc2)OCc2ccc(Sc3ccccc3)cc2)c(Cl)c1,"[0, 54, 296, 297, 581, 646, 1563, 1641, 1644, 1653, 1786, 1790, 2258, 2392, 2546, 2547, 2854, 2884, 2885, 2974, 3223, 3429, 3545, 3546, 3598, 3681, 3787, 3788, 3820, 3865, 3868, 3955, 3956, 4330, 4812, 4842, 4852]"
pimozide,O=c1[nH]c2ccccc2n1C1CCN(CCCC(c2ccc(F)cc2)c2ccc(F)cc2)CC1,"[0, 44, 55, 231, 296, 297, 340, 343, 437, 604, 619, 637, 1565, 1641, 1797, 2259, 2261, 2974, 2978, 3033, 3156, 3205, 3223, 3547, 3639, 3681, 3691, 3703, 3705, 3709, 3728, 3732, 3739, 3740, 3749, 3750, 3751, 3756, 3772, 3781, 3881, 3883, 3914, 3925, 4031, 4066, 4079, 4330]"
tolvaptan,Cc1ccccc1C(=O)Nc1ccc(C(=O)N2CCCC(O)c3cc(Cl)ccc32)c(C)c1,"[0, 16, 296, 297, 299, 340, 343, 609, 668, 676, 838, 1147, 1192, 1426, 1427, 1565, 1567, 1644, 1651, 1786, 2258, 2261, 2264, 2948, 2974, 3024, 3223, 3429, 3549, 3552, 3584, 3586, 3589, 3595, 3597, 3601, 3639, 3681, 3691, 3703, 3709, 3732, 3734, 3736, 3739, 3741, 3743, 3749, 3772, 3780, 3787, 3820, 3856, 3868, 3881, 3891, 3925, 3941, 3942, 3955, 4079, 4162, 4236, 4242, 4249, 4286, 4330, 4812]"
diphenoxylate,CCOC(=O)C1(c2ccccc2)CCN(CCC(C#N)(c2ccccc2)c2ccccc2)CC1,"[296, 340, 437, 465, 604, 619, 646, 653, 668, 1152, 1153, 1157, 1192, 1519, 1563, 2261, 2546, 2594, 2672, 2974, 2976, 2978, 3024, 3048, 3156, 3223, 3327, 3348, 3368, 3374, 3381, 3398, 3454, 3639, 3640, 3653, 3654, 3658, 3659, 3670, 3681, 3691, 3696, 3700, 3703, 3705, 3728, 3732, 3736, 3739, 3740, 3743, 3749, 3750, 3751, 3756, 3772, 3781, 3787, 3788, 3789, 3794, 3805, 3881, 3883, 3914, 3925, 3955, 3956, 3958, 3970, 4079, 4291, 4330, 4515, 4658, 4694, 4819]"
butoconazole,Clc1ccc(CCC(Cn2ccnc2)Sc2c(Cl)cccc2Cl)cc1,"[0, 296, 297, 340, 581, 587, 1591, 1641, 1785, 2100, 2258, 2392, 2854, 2855, 2974, 3223, 3545, 3639, 3681, 3691, 3703, 3709, 3808, 3820, 3865, 3868, 4018, 4027, 4842, 4852]"
belmosudil,CC(C)NC(=O)COc1cccc(-c2nc(Nc3ccc4[nH]ncc4c3)c3ccccc3n2)c1,"[0, 13, 15, 91, 92, 296, 503, 505, 506, 646, 668, 676, 677, 682, 705, 838, 885, 1192, 1271, 1565, 1590, 1644, 2019, 2149, 2151, 2546, 2597, 2599, 2702, 2974, 3024, 3114, 3144, 3168, 3179, 3223, 3294, 3401, 3403, 3454, 3639, 3749, 3772, 3774, 3777, 3780, 3781, 3785, 3787, 3881, 3925, 3927, 3931, 3936, 3941, 3947, 3955, 3999, 4079, 4190, 4236, 4294, 4330, 4810]"
paliperidone,Cc1nc2n(c(=O)c1CCN1CCC(c3noc4cc(F)ccc34)CC1)CCCC2O,"[0, 16, 231, 296, 297, 299, 340, 343, 437, 604, 619, 637, 668, 1147, 1644, 2259, 2261, 2948, 2974, 3156, 3179, 3181, 3223, 3616, 3639, 3691, 3705, 3728, 3732, 3736, 3739, 3740, 3743, 3749, 3750, 3751, 3756, 3772, 3781, 3787, 3881, 3883, 3914, 3925, 3955, 4031, 4066, 4079, 4330]"
fluvastatin,CC(C)n1c(/C=C/C(O)CC(O)CC(=O)O)c(-c2ccc(F)cc2)c2ccccc21,"[0, 9, 13, 16, 91, 125, 296, 297, 299, 325, 503, 547, 668, 1147, 1192, 1405, 1565, 1641, 1797, 2067, 2259, 2948, 2974, 2985, 3024, 3223, 3327, 3407, 3439, 3454, 3523, 3639, 3653, 3670, 3691, 3696, 3700, 3705, 3707, 3708, 3711, 3715, 3717, 3726, 3729, 3736, 3743, 3787, 3955, 4031, 4066, 4330, 4694, 4809]"
risperidone,Cc1nc2n(c(=O)c1CCN1CCC(c3noc4cc(F)ccc34)CC1)CCCC2,"[0, 231, 296, 297, 340, 343, 345, 437, 604, 619, 637, 668, 1644, 2259, 2261, 2974, 3156, 3179, 3181, 3223, 3616, 3639, 3691, 3705, 3728, 3732, 3739, 3740, 3749, 3750, 3751, 3756, 3772, 3781, 3881, 3883, 3914, 3925, 4031, 4066, 4079, 4330]"
bicalutamide,CC(O)(CS(=O)(=O)c1ccc(F)cc1)C(=O)Nc1ccc(C#N)c(C(F)(F)F)c1,"[296, 662, 664, 668, 676, 838, 909, 1147, 1152, 1153, 1155, 1156, 1160, 1192, 1406, 1407, 1535, 1641, 1644, 1723, 1797, 2259, 2780, 2854, 2885, 2948, 2974, 2976, 3024, 3223, 3294, 3359, 3368, 3374, 3395, 3407, 3433, 3454, 3549, 3552, 3586, 3589, 3595, 3596, 3639, 3646, 3670, 3739, 3749, 3787, 3808, 3813, 3814, 3881, 3942, 3955, 4018, 4019, 4022, 4027, 4031, 4044, 4045, 4052, 4066, 4079, 4080, 4190, 4236, 4257, 4294, 4330, 4590, 4810, 4830, 4831, 4842, 4852, 4857]"
alpidem,CCCN(CCC)C(=O)Cc1c(-c2ccc(Cl)cc2)nc2ccc(Cl)cn12,"[296, 340, 381, 465, 503, 604, 609, 620, 668, 1192, 1641, 1658, 1785, 1791, 2258, 2261, 2264, 2974, 3024, 3031, 3174, 3223, 3294, 3454, 3639, 3739, 3740, 3741, 3749, 3750, 3751, 3755, 3756, 3772, 3774, 3780, 3781, 3820, 3868, 3875, 3881, 3883, 3888, 3925, 3927, 3941, 4079, 4236, 4330]"
methotrexate,CN(Cc1cnc2nc(N)nc(N)c2n1)c1ccc(C(=O)N[C@@H](CCC(=O)O)C(=O)O)cc1,"[0, 15, 19, 24, 75, 103, 296, 297, 301, 303, 314, 340, 400, 408, 503, 547, 607, 668, 676, 677, 838, 1145, 1147, 1192, 1405, 1451, 1641, 2149, 2261, 2263, 2311, 2948, 2974, 3024, 3179, 3223, 3327, 3401, 3403, 3413, 3418, 3454, 3549, 3639, 3653, 3660, 3661, 3666, 3670, 3691, 3696, 3700, 3705, 3707, 3708, 3729, 3732, 3734, 3736, 3739, 3741, 3743, 3749, 3772, 3780, 3787, 3881, 3891, 3925, 3936, 3937, 3941, 3942, 3947, 3955, 4079, 4162, 4236, 4242, 4273, 4282, 4285, 4286, 4291, 4294, 4330, 4521, 4530, 4665, 4666, 4670, 4677, 4694, 4825]"
eprosartan,CCCCc1ncc(/C=C(\Cc2cccs2)C(=O)O)n1Cc1ccc(C(=O)O)cc1,"[296, 340, 343, 361, 381, 465, 580, 581, 668, 1147, 1192, 1405, 1451, 1637, 1641, 1676, 2025, 2948, 2974, 2985, 3009, 3024, 3160, 3223, 3327, 3439, 3454, 3528, 3533, 3536, 3610, 3639, 3653, 3670, 3691, 3743, 3787, 3955, 4330, 4609, 4644, 4694, 4809, 4812]"
lapatinib,CS(=O)(=O)CCNCc1ccc(-c2ccc3ncnc(Nc4ccc(OCc5cccc(F)c5)c(Cl)c4)c3c2)o1,"[296, 340, 382, 452, 456, 457, 466, 475, 575, 646, 662, 664, 668, 676, 1590, 1618, 1644, 1653, 1661, 2136, 2258, 2259, 2546, 2711, 2780, 2795, 2854, 2875, 2974, 3144, 3158, 3179, 3183, 3223, 3585, 3609, 3749, 3772, 3808, 3813, 3814, 3815, 3820, 3868, 3881, 3925, 3955, 3999, 4002, 4018, 4022, 4031, 4066, 4079, 4253, 4258, 4287, 4295, 4330, 4764, 4812, 4842]"
sulpiride,CCN1CCCC1CNC(=O)c1cc(S(N)(=O)=O)ccc1OC,"[0, 223, 296, 297, 340, 343, 433, 465, 466, 479, 604, 606, 668, 676, 757, 838, 1145, 1192, 1644, 2261, 2546, 2666, 2711, 2780, 2814, 2854, 2974, 3024, 3155, 3223, 3401, 3605, 3639, 3660, 3691, 3705, 3728, 3732, 3734, 3739, 3740, 3741, 3749, 3750, 3751, 3756, 3762, 3763, 3772, 3780, 3781, 3881, 3883, 3913, 3925, 3936, 3941, 3955, 3999, 4079, 4236, 4286, 4293, 4319, 4325, 4327, 4328, 4330, 4490, 4590, 4724, 4762, 4842, 4852]"
lasmiditan,CN1CCC(C(=O)c2cccc(NC(=O)c3c(F)cc(F)cc3F)n2)CC1,"[0, 19, 231, 296, 297, 301, 340, 434, 604, 607, 668, 676, 838, 1192, 1593, 1931, 2259, 2261, 2263, 2974, 3024, 3156, 3223, 3368, 3374, 3454, 3547, 3548, 3599, 3607, 3639, 3658, 3659, 3670, 3691, 3700, 3705, 3728, 3732, 3739, 3740, 3749, 3750, 3751, 3772, 3781, 3881, 3883, 3914, 3925, 4031, 4058, 4064, 4065, 4066, 4069, 4079, 4161, 4173, 4236, 4268, 4286, 4330, 4497]"
yohimbine,COC(=O)[C@@H]1[C@H]2C[C@H]3c4[nH]c5ccccc5c4CCN3C[C@@H]2CC[C@@H]1O,"[0, 1, 16, 19, 296, 297, 299, 340, 604, 668, 1147, 1192, 1523, 1565, 2036, 2037, 2261, 2546, 2666, 2672, 2948, 2974, 3024, 3053, 3065, 3077, 3149, 3156, 3223, 3327, 3368, 3374, 3386, 3388, 3389, 3391, 3392, 3394, 3395, 3398, 3407, 3454, 3477, 3489, 3522, 3563, 3592, 3639, 3653, 3654, 3658, 3659, 3670, 3674, 3691, 3696, 3700, 3705, 3707, 3708, 3711, 3715, 3717, 3718, 3720, 3721, 3724, 3726, 3728, 3729, 3732, 3736, 3739, 3740, 3743, 3749, 3750, 3751, 3756, 3772, 3781, 3787, 3788, 3881, 3883, 3914, 3925, 3955, 3956, 3958, 3970, 4079, 4330, 4494, 4694, 4756]"
estazolam,Clc1ccc2c(c1)C(c1ccccc1)=NCc1nncn1-2,"[296, 1563, 1644, 1786, 2258, 2974, 2978, 3012, 3216, 3584, 3820, 3862, 3868, 3881, 3906, 4079, 4087, 4112]"
bilastine,CCOCCn1c(C2CCN(CCc3ccc(C(C)(C)C(=O)O)cc3)CC2)nc2ccccc21,"[0, 231, 296, 297, 340, 437, 443, 465, 581, 604, 619, 637, 646, 647, 650, 668, 1147, 1153, 1155, 1159, 1192, 1405, 1406, 1565, 1641, 1671, 2190, 2261, 2546, 2594, 2948, 2974, 3024, 3156, 3223, 3327, 3348, 3368, 3374, 3378, 3381, 3398, 3454, 3528, 3639, 3653, 3670, 3681, 3691, 3705, 3728, 3732, 3739, 3740, 3743, 3749, 3750, 3751, 3756, 3772, 3781, 3787, 3788, 3881, 3883, 3914, 3925, 3955, 3956, 4079, 4330, 4515, 4658, 4694, 4819]"
levopropoxyphene,CCC(=O)O[C@@](Cc1ccccc1)(c1ccccc1)[C@@H](C)CN(C)C,"[0, 13, 17, 296, 297, 298, 465, 503, 556, 565, 607, 628, 668, 1153, 1157, 1192, 1235, 1563, 2261, 2263, 2305, 2546, 2672, 2679, 2974, 2980, 3024, 3223, 3327, 3368, 3381, 3395, 3398, 3399, 3407, 3409, 3429, 3454, 3639, 3653, 3654, 3658, 3670, 3681, 3691, 3703, 3709, 3732, 3739, 3740, 3743, 3745, 3749, 3750, 3772, 3787, 3788, 3789, 3794, 3805, 3881, 3883, 3897, 3925, 3955, 3956, 3958, 3970, 4079, 4292, 4330, 4694, 4812, 4819]"
montelukast,CC(C)(O)c1ccccc1CC[C@@H](SCC1(CC(=O)O)CC1)c1cccc(/C=C/c2ccc3ccc(Cl)cc3n2)c1,"[0, 125, 296, 297, 340, 503, 547, 664, 668, 1147, 1153, 1155, 1156, 1159, 1160, 1192, 1405, 1565, 1590, 1644, 1646, 1786, 2258, 2854, 2855, 2948, 2974, 2985, 3024, 3057, 3142, 3223, 3327, 3335, 3368, 3381, 3386, 3389, 3394, 3407, 3429, 3454, 3466, 3568, 3573, 3595, 3607, 3639, 3653, 3656, 3658, 3659, 3670, 3675, 3681, 3691, 3696, 3700, 3703, 3705, 3707, 3708, 3729, 3736, 3738, 3743, 3787, 3808, 3815, 3819, 3820, 3868, 3955, 4018, 4030, 4330, 4694, 4812, 4842, 4856]"
glyburide,COc1ccc(Cl)cc1C(=O)NCCc1ccc(S(=O)(=O)NC(=O)NC2CCCCC2)cc1,"[0, 15, 213, 296, 297, 340, 343, 345, 382, 386, 466, 479, 581, 668, 676, 677, 751, 838, 890, 905, 1138, 1143, 1144, 1192, 1403, 1641, 1644, 1723, 1786, 2258, 2546, 2666, 2711, 2780, 2854, 2885, 2974, 3024, 3149, 3223, 3401, 3403, 3541, 3542, 3584, 3605, 3639, 3660, 3661, 3681, 3691, 3705, 3711, 3725, 3728, 3732, 3734, 3739, 3741, 3749, 3772, 3778, 3780, 3820, 3863, 3868, 3881, 3925, 3932, 3936, 3941, 3954, 3955, 3999, 4079, 4192, 4203, 4236, 4263, 4286, 4319, 4325, 4327, 4328, 4330, 4551, 4580, 4590, 4728, 4731, 4762, 4842, 4852]"
sertindole,O=C1NCCN1CCN1CCC(c2cn(-c3ccc(F)cc3)c3ccc(Cl)cc23)CC1,"[0, 231, 296, 297, 340, 382, 437, 466, 479, 604, 609, 619, 620, 637, 676, 838, 1192, 1641, 1644, 1786, 1797, 2013, 2258, 2259, 2261, 2264, 2974, 3024, 3082, 3153, 3156, 3223, 3639, 3691, 3705, 3728, 3732, 3739, 3740, 3749, 3750, 3751, 3755, 3756, 3762, 3763, 3772, 3778, 3780, 3781, 3820, 3868, 3881, 3883, 3886, 3888, 3914, 3925, 3932, 3941, 4031, 4066, 4079, 4192, 4236, 4293, 4330]"
metyrapone,CC(C)(C(=O)c1cccnc1)c1cccnc1,"[668, 1153, 1155, 1159, 1192, 1406, 1447, 1632, 2974, 3024, 3223, 3368, 3374, 3454, 3608, 3639, 3670, 4330, 4498]"
roflumilast,O=C(Nc1c(Cl)cncc1Cl)c1ccc(OC(F)F)c(OCC2CC2)c1,"[0, 227, 296, 297, 646, 676, 838, 1192, 1644, 2258, 2259, 2546, 2547, 2560, 2563, 2711, 2713, 2736, 2974, 3024, 3057, 3223, 3368, 3398, 3558, 3559, 3590, 3639, 3691, 3736, 3743, 3787, 3820, 3875, 3881, 3955, 3984, 3999, 4004, 4005, 4031, 4079, 4236, 4286, 4330, 4691, 4716, 4717, 4746, 4769]"
topotecan,CC[C@@]1(O)C(=O)OCc2c1cc1n(c2=O)Cc2cc3c(CN(C)C)c(O)ccc3nc2-1,"[296, 465, 607, 628, 646, 653, 668, 1147, 1153, 1154, 1156, 1192, 1407, 1645, 1942, 2261, 2263, 2305, 2546, 2672, 2948, 2974, 3024, 3142, 3223, 3327, 3407, 3424, 3435, 3454, 3605, 3608, 3615, 3639, 3653, 3654, 3670, 3691, 3696, 3700, 3736, 3743, 3787, 3788, 3881, 3883, 3925, 3955, 3956, 3958, 3966, 3970, 4014, 4079, 4286, 4330, 4694, 4802, 4810, 4828]"
bezafibrate,CC(C)(Oc1ccc(CCNC(=O)c2ccc(Cl)cc2)cc1)C(=O)O,"[296, 340, 382, 386, 466, 479, 581, 591, 668, 676, 780, 838, 1147, 1153, 1155, 1159, 1192, 1405, 1406, 1451, 1466, 1641, 1785, 2258, 2546, 2667, 2710, 2948, 2974, 3024, 3223, 3327, 3359, 3368, 3374, 3398, 3407, 3424, 3435, 3454, 3545, 3559, 3639, 3653, 3670, 3680, 3681, 3743, 3749, 3772, 3780, 3787, 3820, 3843, 3868, 3881, 3925, 3941, 3955, 3999, 4079, 4158, 4236, 4286, 4330, 4694, 4802, 4810, 4828]"
miconazole,Clc1ccc(COC(Cn2ccnc2)c2ccc(Cl)cc2Cl)c(Cl)c1,"[0, 54, 296, 297, 588, 646, 1644, 1653, 1786, 1790, 2258, 2392, 2546, 2547, 2974, 3223, 3429, 3545, 3546, 3598, 3681, 3787, 3788, 3820, 3865, 3868, 3955, 3956, 4330, 4812]"
oxybutynin,CCN(CC)CC#CCOC(=O)C(O)(c1ccccc1)C1CCCCC1,"[0, 17, 213, 296, 297, 340, 343, 345, 465, 495, 604, 606, 619, 626, 646, 653, 668, 1147, 1150, 1153, 1156, 1157, 1161, 1192, 1407, 1563, 2261, 2287, 2546, 2672, 2948, 2974, 2975, 3024, 3149, 3223, 3224, 3327, 3368, 3381, 3386, 3389, 3394, 3398, 3407, 3424, 3429, 3435, 3454, 3592, 3639, 3653, 3654, 3658, 3659, 3664, 3670, 3681, 3691, 3696, 3698, 3700, 3703, 3705, 3707, 3708, 3709, 3711, 3715, 3717, 3718, 3720, 3721, 3724, 3726, 3729, 3736, 3743, 3749, 3750, 3751, 3756, 3772, 3781, 3787, 3788, 3789, 3794, 3805, 3881, 3883, 3925, 3955, 3956, 3958, 3966, 3970, 4014, 4079, 4330, 4515, 4583, 4658, 4694, 4773, 4802, 4810, 4812, 4819, 4828]"
pioglitazone,CCc1ccc(CCOc2ccc(CC3SC(=O)NC3=O)cc2)nc1,"[0, 19, 296, 297, 301, 302, 340, 443, 465, 581, 591, 646, 668, 676, 838, 839, 1192, 1641, 1658, 2546, 2710, 2854, 2855, 2881, 2974, 3024, 3223, 3294, 3454, 3559, 3607, 3608, 3639, 3646, 3647, 3670, 3677, 3680, 3681, 3702, 3703, 3739, 3741, 3749, 3772, 3780, 3787, 3808, 3815, 3881, 3925, 3927, 3941, 3955, 3999, 4018, 4079, 4191, 4207, 4236, 4295, 4330, 4520, 4727, 4842, 4851, 4855]"
etodolac,CCc1cccc2c3c([nH]c12)C(CC)(CC(=O)O)OCC3,"[296, 340, 443, 465, 503, 547, 646, 652, 668, 1147, 1153, 1154, 1192, 1405, 1591, 2036, 2546, 2948, 2974, 3024, 3053, 3077, 3223, 3327, 3407, 3454, 3477, 3489, 3522, 3563, 3639, 3653, 3670, 3674, 3681, 3691, 3696, 3700, 3705, 3707, 3708, 3729, 3736, 3743, 3787, 3788, 3955, 3956, 4330, 4694]"
isotretinoin,CC1=C(/C=C/C(C)=C/C=C/C(C)=C\C(=O)O)C(C)(C)CCC1,"[125, 296, 340, 343, 668, 1147, 1153, 1155, 1159, 1192, 1405, 2948, 2974, 2985, 3009, 3024, 3119, 3223, 3327, 3335, 3350, 3368, 3439, 3454, 3639, 3656, 3658, 3659, 3667, 3691, 3705, 3711, 3718, 3721, 3787, 3955, 4330, 4609, 4694, 4809]"
benzydamine,CN(C)CCCOc1nn(Cc2ccccc2)c2ccccc12,"[296, 340, 343, 373, 374, 434, 441, 443, 565, 607, 628, 646, 668, 1563, 1565, 2211, 2261, 2263, 2305, 2546, 2974, 3223, 3639, 3739, 3740, 3743, 3749, 3750, 3772, 3787, 3881, 3883, 3915, 3925, 3955, 4079, 4292, 4330]"
propranolol,CC(C)NCC(O)COc1cccc2ccccc12,"[0, 13, 16, 91, 296, 297, 299, 325, 326, 335, 466, 469, 646, 668, 676, 677, 682, 705, 757, 760, 1147, 1565, 1591, 1621, 2546, 2563, 2565, 2707, 2948, 2974, 3138, 3223, 3401, 3405, 3407, 3433, 3435, 3639, 3739, 3743, 3749, 3772, 3781, 3783, 3785, 3787, 3881, 3925, 3936, 3945, 3946, 3947, 3955, 3999, 4079, 4283, 4292, 4294, 4330, 4754, 4828]"
losartan,CCCCc1nc(Cl)c(CO)n1Cc1ccc(-c2ccccc2-c2nnn[nH]2)cc1,"[296, 340, 343, 361, 381, 465, 493, 581, 668, 1147, 1565, 1641, 2226, 2258, 2948, 2974, 3219, 3223, 3539, 3639, 3691, 3820, 3955, 4330]"
venlafaxine,COc1ccc(C(CN(C)C)C2(O)CCCCC2)cc1,"[0, 17, 44, 296, 297, 340, 343, 345, 607, 628, 668, 1147, 1153, 1156, 1537, 1553, 1641, 1810, 2261, 2263, 2305, 2546, 2666, 2710, 2715, 2948, 2974, 3149, 3223, 3359, 3368, 3380, 3381, 3407, 3473, 3559, 3592, 3639, 3658, 3659, 3664, 3680, 3681, 3691, 3702, 3703, 3705, 3709, 3711, 3718, 3721, 3726, 3728, 3729, 3732, 3736, 3739, 3740, 3743, 3749, 3750, 3772, 3787, 3881, 3883, 3925, 3955, 3999, 4079, 4292, 4330, 4756, 4819]"
alectinib,CCc1cc2c(cc1N1CCC(N3CCOCC3)CC1)C(C)(C)c1[nH]c3cc(C#N)ccc3c1C2=O,"[0, 69, 231, 296, 297, 340, 443, 465, 604, 646, 647, 668, 1152, 1153, 1155, 1159, 1192, 1644, 1930, 2036, 2261, 2447, 2546, 2974, 2976, 3024, 3053, 3077, 3156, 3190, 3223, 3378, 3381, 3401, 3477, 3489, 3522, 3527, 3528, 3549, 3563, 3573, 3578, 3586, 3595, 3597, 3601, 3639, 3660, 3681, 3691, 3705, 3728, 3732, 3739, 3740, 3749, 3750, 3751, 3756, 3771, 3772, 3781, 3785, 3787, 3788, 3881, 3883, 3891, 3921, 3925, 3936, 3942, 3947, 3955, 3956, 4079, 4080, 4242, 4294, 4330]"
olaparib,O=C(c1cc(Cc2n[nH]c(=O)c3ccccc23)ccc1F)N1CCN(C(=O)C2CC2)CC1,"[0, 19, 227, 296, 340, 604, 609, 620, 1192, 1203, 1565, 1644, 2145, 2259, 2261, 2264, 2427, 2432, 2974, 3024, 3057, 3157, 3178, 3223, 3294, 3368, 3374, 3395, 3454, 3547, 3573, 3578, 3580, 3599, 3639, 3646, 3647, 3670, 3691, 3692, 3700, 3732, 3739, 3740, 3749, 3750, 3751, 3755, 3756, 3762, 3763, 3772, 3774, 3776, 3780, 3781, 3881, 3883, 3888, 3920, 3925, 3927, 3941, 4031, 4066, 4069, 4079, 4173, 4236, 4286, 4293, 4330, 4350, 4478, 4540, 4556]"
clemastine,CN1CCC[C@@H]1CCO[C@](C)(c1ccccc1)c1ccc(Cl)cc1,"[0, 66, 223, 296, 297, 340, 343, 434, 443, 607, 646, 652, 668, 1153, 1155, 1157, 1563, 1641, 1785, 2258, 2261, 2263, 2546, 2974, 2978, 3155, 3223, 3401, 3429, 3545, 3639, 3660, 3681, 3691, 3705, 3711, 3726, 3728, 3729, 3732, 3736, 3739, 3740, 3743, 3749, 3750, 3751, 3772, 3781, 3787, 3788, 3820, 3868, 3881, 3883, 3913, 3925, 3936, 3955, 3956, 4079, 4292, 4330, 4812]"
ribociclib,CN(C)C(=O)c1cc2cnc(Nc3ccc(N4CCNCC4)cn3)nc2n1C1CCCC1,"[0, 215, 296, 297, 340, 343, 382, 466, 475, 604, 668, 676, 1192, 1499, 1658, 2261, 2263, 2264, 2305, 2307, 2418, 2974, 3024, 3148, 3178, 3179, 3223, 3639, 3691, 3705, 3749, 3772, 3781, 3881, 3883, 3888, 3925, 3941, 4079, 4236, 4268, 4273, 4293, 4330]"
tafenoquine,COc1cc(C)c2c(Oc3cccc(C(F)(F)F)c3)c(OC)cc(NC(C)CCCN)c2n1,"[0, 13, 296, 297, 298, 340, 343, 365, 396, 492, 668, 676, 677, 682, 1145, 1153, 1535, 1590, 1599, 1932, 1933, 2259, 2546, 2666, 2702, 2974, 3142, 3223, 3401, 3590, 3615, 3639, 3660, 3691, 3705, 3728, 3732, 3739, 3749, 3881, 3942, 3955, 3999, 4004, 4031, 4045, 4052, 4079, 4253, 4259, 4262, 4330, 4769]"
alosetron,Cc1[nH]cnc1CN1CCc2c(c3ccccc3n2C)C1=O,"[296, 340, 604, 609, 620, 668, 1192, 1565, 2067, 2131, 2261, 2264, 2974, 3024, 3033, 3223, 3523, 3749, 3750, 3772, 3780, 3881, 3883, 3888, 3925, 3941, 4079, 4236, 4330]"
trazodone,O=c1n(CCCN2CCN(c3cccc(Cl)c3)CC2)nc2ccccn12,"[296, 340, 343, 437, 604, 619, 1588, 1590, 1615, 2258, 2261, 2427, 2974, 3162, 3178, 3223, 3639, 3739, 3740, 3749, 3750, 3751, 3756, 3762, 3772, 3781, 3820, 3868, 3881, 3883, 3891, 3918, 3920, 3925, 3942, 4079, 4258, 4293, 4330]"
lamotrigine,Nc1nnc(-c2cccc(Cl)c2Cl)c(N)n1,"[1145, 1591, 1617, 2258, 3820, 3868, 3872, 4079]"
albuterol,CC(C)(C)NCC(O)c1ccc(O)c(CO)c1,"[0, 16, 296, 297, 299, 466, 476, 493, 668, 676, 757, 820, 821, 825, 828, 1147, 1153, 1155, 1159, 1172, 1644, 1770, 2948, 2974, 3223, 3352, 3368, 3401, 3429, 3553, 3559, 3573, 3605, 3639, 3680, 3681, 3749, 3772, 3781, 3785, 3787, 3881, 3925, 3935, 3936, 3947, 3955, 4079, 4294, 4330, 4812]"
