smiles,fps
Cc1cccc(C(=O)NNC(=O)CSc2nnc(C(C)C)n2C)c1,"[0, 13, 91, 296, 503, 505, 514, 515, 664, 668, 676, 810, 812, 838, 886, 1192, 1299, 1437, 1441, 1590, 1608, 2217, 2854, 2869, 2974, 3024, 3223, 3294, 3302, 3324, 3454, 3573, 3578, 3580, 3639, 3749, 3808, 3881, 3948, 3952, 4018, 4079, 4191, 4236, 4286, 4295, 4300, 4312, 4316, 4330, 4578, 4842, 4855]"
CC(=O)NCC1CN(c2ccc(-n3ccc(C(F)(F)F)n3)c(F)c2)C(=O)O1,"[0, 71, 296, 297, 466, 479, 486, 609, 668, 676, 757, 838, 889, 1153, 1192, 1262, 1535, 1644, 1904, 2259, 2261, 2264, 2546, 2547, 2672, 2974, 3024, 3180, 3223, 3294, 3407, 3408, 3409, 3433, 3454, 3639, 3739, 3741, 3749, 3772, 3774, 3780, 3781, 3785, 3787, 3788, 3802, 3805, 3881, 3891, 3925, 3927, 3933, 3941, 3942, 3945, 3947, 3955, 3956, 3967, 3970, 4031, 4052, 4066, 4079, 4204, 4236, 4294, 4330, 4557, 4694, 4825]"
O=C(NCc1nnc(SCC(=O)N2CCOCC2)o1)c1ccccc1F,"[296, 340, 443, 466, 479, 503, 604, 609, 620, 646, 647, 664, 676, 838, 1192, 1426, 1434, 1505, 1565, 1583, 2219, 2259, 2261, 2264, 2447, 2546, 2854, 2869, 2974, 3024, 3190, 3217, 3223, 3294, 3296, 3454, 3599, 3749, 3750, 3751, 3755, 3756, 3766, 3771, 3772, 3774, 3780, 3781, 3785, 3787, 3788, 3808, 3881, 3883, 3888, 3921, 3925, 3927, 3941, 3947, 3955, 3956, 4018, 4031, 4066, 4069, 4079, 4173, 4191, 4236, 4286, 4294, 4295, 4330, 4541, 4825, 4842, 4855]"
COc1cc(C(=O)OCCCCNC(=N)NCCS)cc(OC)c1OC,"[296, 340, 343, 345, 362, 374, 375, 382, 443, 446, 466, 646, 653, 668, 676, 1148, 1192, 1931, 1999, 2546, 2666, 2672, 2762, 2974, 3012, 3024, 3223, 3519, 3558, 3559, 3590, 3639, 3691, 3732, 3736, 3737, 3739, 3743, 3745, 3749, 3772, 3787, 3788, 3805, 3808, 3881, 3925, 3955, 3956, 3970, 3996, 3997, 3998, 3999, 4004, 4005, 4018, 4079, 4121, 4295, 4330, 4632, 4644, 4694, 4716, 4717, 4746, 4751, 4752, 4769, 4812, 4842]"
NCC1CCN(c2c(F)c(N)c3c(=O)c(C(=O)O)cn(C4CC4)c3c2F)C1,"[0, 227, 296, 297, 340, 492, 604, 1145, 1147, 1192, 1405, 2065, 2259, 2261, 2948, 2974, 3024, 3057, 3142, 3155, 3223, 3368, 3395, 3608, 3639, 3658, 3691, 3732, 3739, 3749, 3772, 3781, 3881, 3891, 3925, 3942, 3955, 4031, 4064, 4066, 4079, 4251, 4330, 4498, 4694]"
COC1=C(OC)C(O)(CCn2ccnc2)N(Cc2ccccc2)C1=O,"[296, 340, 565, 609, 668, 1147, 1153, 1156, 1192, 1563, 2261, 2262, 2264, 2392, 2546, 2666, 2948, 2974, 2985, 3009, 3011, 3024, 3223, 3294, 3401, 3403, 3407, 3435, 3439, 3441, 3454, 3639, 3660, 3661, 3691, 3736, 3739, 3740, 3741, 3743, 3749, 3750, 3751, 3772, 3774, 3775, 3777, 3780, 3781, 3785, 3787, 3788, 3881, 3883, 3888, 3904, 3925, 3927, 3931, 3936, 3941, 3947, 3955, 3956, 4014, 4079, 4138, 4190, 4236, 4284, 4286, 4294, 4330, 4809, 4810, 4825, 4826, 4828]"
CC1CC(=O)Nc2ccccc2N1C(=O)COC(=O)C=C1CCCCC1,"[0, 9, 13, 101, 296, 297, 298, 340, 343, 345, 503, 505, 646, 653, 668, 676, 838, 972, 1192, 1255, 1565, 2261, 2264, 2546, 2597, 2672, 2974, 2985, 3009, 3024, 3149, 3223, 3294, 3327, 3330, 3401, 3403, 3439, 3454, 3639, 3646, 3660, 3661, 3670, 3691, 3692, 3700, 3705, 3711, 3732, 3739, 3741, 3749, 3772, 3774, 3777, 3780, 3781, 3785, 3787, 3788, 3789, 3793, 3805, 3881, 3891, 3925, 3927, 3931, 3936, 3941, 3942, 3947, 3955, 3956, 3958, 3970, 4079, 4190, 4236, 4290, 4294, 4330, 4532, 4609, 4694, 4809, 4810]"
CC1C(=O)Nc2ccccc2N1S(=O)(=O)c1ccc(F)cc1,"[0, 13, 19, 97, 668, 676, 838, 839, 841, 972, 1192, 1565, 1641, 1723, 1797, 2259, 2261, 2780, 2854, 2885, 2974, 3024, 3223, 3294, 3401, 3406, 3454, 3639, 3646, 3670, 3739, 3749, 3786, 3881, 3942, 3954, 4031, 4066, 4079, 4236, 4280, 4285, 4293, 4319, 4325, 4327, 4328, 4330, 4421, 4590, 4842, 4852]"
COC(=O)C(=Cc1ccccc1F)C(=O)OC,"[668, 1192, 1523, 1565, 1583, 2259, 2546, 2666, 2672, 2974, 2985, 3009, 3024, 3223, 3327, 3439, 3454, 3599, 3639, 3653, 3654, 3670, 3743, 3787, 3788, 3955, 3956, 3958, 3970, 4031, 4066, 4330, 4511, 4609, 4611, 4656, 4694, 4809]"
CNC(=O)c1cccc(CC(N)C(=O)O)c1,"[0, 19, 24, 110, 296, 297, 301, 303, 324, 668, 676, 809, 838, 1145, 1147, 1192, 1298, 1405, 1437, 1590, 2948, 2974, 3024, 3223, 3327, 3401, 3413, 3454, 3573, 3578, 3580, 3639, 3653, 3670, 3681, 3703, 3743, 3749, 3787, 3881, 3925, 3941, 3955, 4079, 4236, 4282, 4285, 4286, 4294, 4330, 4520, 4664, 4694]"
CC(C(=O)N1CCCC1)N1CCN(C(=O)Nc2ccc(F)c(C#N)c2)CC1,"[0, 13, 19, 97, 296, 340, 343, 604, 609, 620, 621, 668, 676, 838, 1152, 1192, 1503, 1644, 2259, 2261, 2264, 2413, 2427, 2432, 2974, 2976, 3024, 3155, 3178, 3223, 3294, 3401, 3454, 3586, 3589, 3599, 3639, 3646, 3647, 3670, 3691, 3732, 3734, 3739, 3740, 3741, 3749, 3750, 3751, 3752, 3755, 3756, 3757, 3759, 3762, 3763, 3772, 3774, 3776, 3778, 3780, 3781, 3782, 3784, 3881, 3883, 3886, 3888, 3892, 3893, 3913, 3920, 3925, 3927, 3932, 3936, 3941, 3942, 3944, 4031, 4061, 4066, 4079, 4080, 4192, 4236, 4251, 4280, 4285, 4293, 4330, 4537, 4540]"
O=C(c1cc(CO)c2c(c1)C(O)(C(F)(F)F)c1ccccc1-2)N1CCC1,"[296, 340, 493, 609, 1147, 1153, 1156, 1192, 1535, 1565, 1931, 2259, 2261, 2264, 2948, 2974, 2978, 3024, 3042, 3223, 3429, 3509, 3539, 3573, 3578, 3580, 3639, 3681, 3739, 3741, 3749, 3750, 3772, 3780, 3787, 3881, 3883, 3888, 3925, 3941, 3955, 4031, 4052, 4079, 4155, 4236, 4286, 4330, 4485, 4807, 4812, 4823]"
O=C(NCc1ccccc1Cl)c1cccnc1Oc1ccccc1,"[296, 466, 479, 568, 676, 838, 1192, 1563, 1565, 1582, 1633, 2258, 2546, 2693, 2974, 3024, 3598, 3608, 3820, 3868, 3881, 3925, 3941, 4079, 4174, 4236, 4286, 4330, 4498]"
CC(C)CC(C=O)NC(=O)C(NC(=O)c1ccc(C=O)[nH]1)C(C)C,"[0, 1, 13, 15, 19, 91, 188, 296, 297, 298, 306, 668, 676, 677, 678, 679, 838, 839, 840, 1192, 2974, 3024, 3053, 3223, 3294, 3368, 3384, 3389, 3392, 3395, 3397, 3401, 3403, 3417, 3454, 3526, 3563, 3639, 3646, 3647, 3648, 3658, 3660, 3661, 3670, 3691, 3692, 3700, 3705, 3708, 3732, 3734, 3739, 3741, 3749, 3772, 3774, 3776, 3780, 3781, 3784, 3881, 3925, 3927, 3936, 3941, 3944, 4079, 4236, 4280, 4285, 4293, 4330, 4530]"
COCCN1CC2CCC3(N=C(C)N(CC4CC4)C3=O)C2C1,"[0, 1, 17, 227, 296, 297, 340, 437, 443, 604, 609, 619, 646, 651, 668, 1153, 1192, 2261, 2264, 2546, 2666, 2974, 3012, 3024, 3057, 3148, 3155, 3223, 3294, 3352, 3368, 3374, 3384, 3389, 3392, 3395, 3397, 3401, 3442, 3454, 3639, 3646, 3647, 3658, 3659, 3660, 3670, 3691, 3692, 3700, 3705, 3706, 3708, 3711, 3712, 3717, 3718, 3720, 3728, 3732, 3734, 3739, 3740, 3741, 3749, 3750, 3751, 3755, 3756, 3762, 3767, 3772, 3774, 3776, 3780, 3781, 3785, 3787, 3788, 3881, 3883, 3884, 3887, 3888, 3906, 3913, 3925, 3927, 3941, 3947, 3955, 3956, 4079, 4236, 4260, 4280, 4285, 4293, 4294, 4330, 4491]"
Cc1ccc2[nH]c(CN(C)Cc3ccccc3C(=O)O)nc2c1,"[296, 604, 607, 668, 1147, 1192, 1405, 1426, 1565, 1574, 1644, 2148, 2199, 2261, 2263, 2948, 2974, 3024, 3033, 3205, 3595, 3597, 3626, 3631, 3881, 3883, 3925, 3955, 4079, 4286, 4330, 4644, 4694, 4812]"
Cc1nn(C)c2ncc(CNCCc3ccccn3)cc12,"[296, 340, 382, 466, 475, 668, 676, 1588, 2023, 2211, 2974, 3223, 3607, 3608, 3749, 3772, 3881, 3915, 3925, 4079]"
Cc1nnc2c3ccccc3nc(Nc3ccccc3C(=O)O)n12,"[668, 676, 972, 982, 983, 1147, 1192, 1405, 1426, 1565, 1574, 2149, 2151, 2217, 2948, 2974, 3024, 3144, 3179, 3601, 3955, 4079, 4265, 4273, 4330, 4644, 4694, 4812]"
COCCN1Cc2cc3cc(C)ccc3nc2SC1=Nc1cccc(OC)c1,"[296, 340, 443, 604, 646, 651, 668, 1590, 1620, 1644, 2261, 2546, 2666, 2702, 2854, 2974, 3012, 3142, 3223, 3608, 3749, 3750, 3772, 3787, 3788, 3881, 3883, 3887, 3925, 3947, 3955, 3956, 3999, 4018, 4079, 4126, 4128, 4259, 4294, 4330, 4842]"
CC(C)=CCC1=CC(=O)c2ccccc2C1=O,"[296, 668, 1192, 1426, 1431, 1565, 2047, 2974, 2985, 3009, 3024, 3223, 3282, 3283, 3439, 3454, 3595, 3597, 3639, 3644, 3667, 3670, 3681, 3691, 3700, 3703, 3709, 4330, 4359, 4495]"
C=C1C=CC(C(C)CCC=C(C)C)CC1,"[0, 1, 13, 125, 296, 297, 298, 340, 342, 668, 2974, 2985, 3119, 3223, 3368, 3439, 3639, 3658, 3659, 3667, 3691, 3705, 3711, 3718, 3721]"
CN1CC(CC(C#N)C(N)=O)CC2c3cccc4[nH]cc(c34)CC21,"[0, 1, 19, 66, 296, 297, 301, 607, 668, 1145, 1152, 1192, 1404, 1591, 2261, 2263, 2974, 2976, 3024, 3053, 3077, 3156, 3223, 3294, 3368, 3374, 3381, 3392, 3395, 3401, 3454, 3489, 3639, 3640, 3646, 3658, 3659, 3660, 3670, 3674, 3681, 3691, 3692, 3700, 3701, 3703, 3705, 3706, 3708, 3709, 3711, 3712, 3717, 3718, 3720, 3721, 3724, 3728, 3732, 3739, 3740, 3749, 3750, 3751, 3772, 3781, 3881, 3883, 3914, 3925, 3936, 4079, 4236, 4330, 4508]"
COC(=O)C1=C(C)N=C2SC(C#N)=C(N)N2C1c1cc(OC)c(OC)c(OC)c1,"[0, 668, 1145, 1152, 1192, 1523, 1931, 1999, 2261, 2546, 2666, 2672, 2854, 2974, 2976, 2985, 3009, 3012, 3024, 3223, 3327, 3414, 3439, 3454, 3519, 3558, 3559, 3590, 3639, 3653, 3654, 3670, 3679, 3680, 3681, 3702, 3703, 3739, 3740, 3743, 3749, 3750, 3767, 3772, 3773, 3787, 3788, 3808, 3815, 3816, 3881, 3883, 3887, 3894, 3906, 3925, 3939, 3955, 3956, 3958, 3970, 3997, 3998, 3999, 4004, 4005, 4018, 4023, 4079, 4126, 4230, 4284, 4286, 4289, 4290, 4292, 4330, 4520, 4609, 4664, 4694, 4727, 4751, 4752, 4769, 4809, 4842]"
CCCCOC(=O)c1ccccc1C(=O)OCC(C)C,"[0, 13, 91, 296, 297, 298, 306, 340, 343, 361, 374, 375, 381, 443, 446, 465, 646, 653, 668, 1192, 1426, 1431, 1509, 1512, 1565, 2546, 2563, 2564, 2581, 2672, 2974, 3024, 3223, 3368, 3398, 3399, 3595, 3597, 3639, 3691, 3736, 3737, 3743, 3745, 3787, 3788, 3805, 3955, 3956, 3970, 4330, 4495, 4644, 4645, 4646, 4694, 4812, 4814]"
CCCCCCSc1nc2ccccc2n1CC(=O)O,"[296, 340, 343, 345, 346, 349, 353, 360, 361, 380, 381, 457, 465, 503, 547, 664, 668, 1147, 1192, 1405, 1565, 2190, 2854, 2948, 2974, 3024, 3223, 3327, 3454, 3639, 3691, 3705, 3711, 3738, 3787, 3808, 3955, 4018, 4330, 4694, 4842]"
COc1ccccc1-c1nc(NCCNC(C)=O)c2ccccc2n1,"[296, 340, 382, 386, 392, 466, 479, 486, 668, 676, 773, 838, 889, 1192, 1262, 1565, 1587, 2149, 2151, 2546, 2666, 2694, 2974, 3024, 3114, 3144, 3179, 3223, 3294, 3454, 3749, 3772, 3774, 3780, 3781, 3881, 3925, 3927, 3941, 3955, 3999, 4079, 4236, 4293, 4330]"
CCN(CCCCO)C(=O)N(CC)c1ccc(C(O)(C(F)(F)F)C(F)(F)F)cc1,"[296, 340, 343, 345, 356, 359, 366, 397, 433, 465, 493, 604, 606, 609, 620, 668, 1147, 1153, 1156, 1176, 1192, 1535, 1641, 2259, 2261, 2264, 2288, 2948, 2974, 3024, 3223, 3381, 3407, 3429, 3549, 3552, 3639, 3681, 3691, 3732, 3734, 3736, 3739, 3740, 3741, 3743, 3749, 3750, 3751, 3755, 3772, 3778, 3780, 3781, 3787, 3881, 3883, 3886, 3888, 3891, 3925, 3932, 3941, 3942, 3955, 4031, 4052, 4079, 4192, 4236, 4330, 4684, 4807, 4812, 4823]"
COC(=O)C(CNCCc1ccc(OC)c(OC)c1)C(O)c1ccc2c(c1)OCO2,"[0, 1, 16, 19, 56, 296, 297, 301, 340, 382, 413, 466, 475, 592, 646, 668, 676, 757, 781, 1147, 1192, 1523, 1644, 1815, 1894, 2546, 2666, 2672, 2711, 2713, 2759, 2948, 2974, 3024, 3221, 3223, 3327, 3368, 3374, 3395, 3398, 3429, 3454, 3558, 3559, 3571, 3590, 3639, 3653, 3654, 3670, 3679, 3680, 3681, 3702, 3703, 3739, 3743, 3749, 3772, 3781, 3787, 3788, 3881, 3925, 3955, 3956, 3958, 3970, 3999, 4004, 4005, 4079, 4289, 4290, 4292, 4330, 4520, 4664, 4694, 4727, 4769, 4812]"
NC1=NC2(CO1)c1cc(-c3cccnc3F)ccc1Oc1cnc(-c3ccccn3)cc12,"[296, 646, 1145, 1153, 1588, 1633, 1644, 2259, 2546, 2711, 2974, 3012, 3223, 3414, 3605, 3615, 3681, 3749, 3767, 3787, 3788, 3881, 3906, 3955, 3956, 4031, 4079, 4286, 4288, 4294, 4330, 4771, 4819]"
N=C(NN1CCCCC1)C1COc2ccccc2O1,"[0, 263, 296, 297, 340, 343, 345, 604, 646, 676, 1123, 1565, 2261, 2412, 2546, 2547, 2563, 2694, 2701, 2974, 3012, 3156, 3189, 3223, 3407, 3433, 3435, 3442, 3639, 3691, 3705, 3728, 3732, 3739, 3743, 3749, 3772, 3781, 3787, 3881, 3925, 3948, 3955, 3999, 4004, 4005, 4079, 4283, 4292, 4294, 4300, 4330, 4769, 4828]"
O=C(O)C(S)=Cc1ccccc1I,"[1147, 1148, 1192, 1405, 1565, 1584, 2260, 2948, 2974, 2985, 3009, 3024, 3223, 3327, 3439, 3454, 3600, 3787, 3808, 3955, 4018, 4073, 4076, 4330, 4609, 4611, 4680, 4694, 4809, 4830, 4842, 4855]"
CCCCC1CCC(C(=O)N(C)CC(=O)Nc2cccc(F)c2)CC1,"[0, 19, 207, 296, 297, 301, 340, 343, 361, 381, 465, 503, 505, 607, 609, 629, 668, 676, 838, 991, 1006, 1192, 1590, 1618, 2259, 2261, 2263, 2264, 2307, 2974, 3024, 3149, 3223, 3294, 3301, 3368, 3374, 3395, 3454, 3592, 3639, 3646, 3647, 3658, 3659, 3670, 3691, 3692, 3700, 3705, 3706, 3708, 3711, 3712, 3717, 3718, 3720, 3721, 3724, 3728, 3732, 3739, 3740, 3749, 3750, 3751, 3752, 3772, 3774, 3776, 3780, 3781, 3782, 3784, 3881, 3883, 3888, 3892, 3893, 3925, 3927, 3941, 3942, 3944, 4031, 4066, 4079, 4168, 4236, 4280, 4285, 4293, 4330, 4494, 4530]"
CCCNC(=O)CCC(NS(=O)(=O)c1ccc(C)cc1)C(=O)NCCC,"[0, 19, 296, 297, 301, 302, 340, 381, 382, 386, 389, 390, 400, 402, 465, 466, 479, 480, 482, 503, 505, 668, 676, 677, 772, 838, 839, 1138, 1143, 1144, 1192, 1286, 1641, 1723, 1749, 2780, 2832, 2854, 2885, 2974, 3024, 3223, 3294, 3401, 3406, 3454, 3541, 3542, 3639, 3646, 3647, 3660, 3670, 3691, 3692, 3700, 3705, 3706, 3708, 3728, 3732, 3735, 3739, 3741, 3742, 3749, 3772, 3774, 3776, 3780, 3781, 3786, 3881, 3925, 3927, 3941, 3954, 4079, 4236, 4280, 4285, 4293, 4319, 4325, 4327, 4328, 4330, 4521, 4590, 4842, 4852]"
CC(C)C(C)NC(=O)NCc1ccc(CN2CCCC2=O)cc1,"[0, 1, 13, 15, 91, 92, 296, 340, 343, 400, 466, 479, 487, 503, 581, 604, 609, 620, 668, 676, 677, 678, 682, 838, 890, 891, 1192, 1641, 2261, 2264, 2414, 2974, 3024, 3155, 3223, 3294, 3368, 3395, 3397, 3401, 3403, 3454, 3528, 3639, 3646, 3647, 3658, 3660, 3661, 3670, 3691, 3692, 3700, 3732, 3739, 3740, 3741, 3749, 3750, 3751, 3772, 3774, 3778, 3780, 3781, 3881, 3883, 3888, 3913, 3925, 3927, 3932, 3936, 3941, 4079, 4192, 4236, 4286, 4330, 4410]"
CCOC(=O)NCCNC(=O)c1cc(Br)cn1C(C)C,"[0, 13, 91, 296, 340, 382, 386, 465, 466, 479, 646, 653, 658, 668, 676, 773, 838, 923, 930, 1149, 1192, 1287, 1519, 2546, 2594, 2672, 2949, 2974, 3024, 3223, 3639, 3749, 3772, 3780, 3787, 3788, 3802, 3805, 3881, 3925, 3933, 3941, 3955, 3956, 3967, 3970, 4079, 4204, 4236, 4293, 4330, 4556, 4694]"
CC(S(=O)(=O)c1ccc(Cl)cc1)S(=O)(=O)C(F)(F)F,"[0, 13, 72, 668, 1153, 1535, 1641, 1723, 1785, 2258, 2259, 2780, 2818, 2835, 2854, 2855, 2883, 2885, 2974, 3223, 3808, 3813, 3814, 3815, 3820, 3848, 3868, 4018, 4019, 4022, 4027, 4031, 4049, 4050, 4052, 4330, 4590, 4842, 4852]"
CCSC(=N)Nc1ccccc1C(F)(F)F,"[296, 465, 664, 668, 676, 972, 984, 1153, 1535, 1565, 1576, 2259, 2854, 2867, 2974, 3012, 3223, 3601, 3808, 3815, 3816, 3881, 3942, 4018, 4023, 4031, 4045, 4052, 4079, 4126, 4842]"
C#CCNC(=O)Nc1ncnc2[nH]ncc12,"[296, 466, 479, 487, 676, 838, 890, 1192, 2019, 2136, 2974, 2975, 3024, 3168, 3179, 3223, 3224, 3749, 3772, 3778, 3780, 3881, 3925, 3932, 3941, 4079, 4192, 4236, 4330]"
CC(C)(C)C(=O)C(C#N)=Cc1ccc(O)cc1,"[668, 1147, 1152, 1153, 1155, 1159, 1172, 1192, 1406, 1411, 1641, 1768, 2948, 2974, 2976, 2985, 3009, 3024, 3223, 3267, 3335, 3338, 3350, 3368, 3374, 3439, 3454, 3559, 3639, 3640, 3642, 3645, 3656, 3658, 3670, 3691, 3705, 4079, 4330, 4508]"
Cc1ccc2nc(O)n(C3CCN(C(=O)OCc4cc5c(cc4Cl)OCO5)CC3)c2c1,"[0, 231, 296, 297, 340, 604, 609, 620, 646, 653, 668, 1147, 1192, 1644, 1930, 2011, 2258, 2261, 2264, 2546, 2672, 2948, 2974, 3024, 3156, 3221, 3223, 3558, 3559, 3571, 3590, 3598, 3639, 3691, 3705, 3728, 3732, 3734, 3739, 3740, 3741, 3749, 3750, 3751, 3755, 3772, 3780, 3781, 3820, 3868, 3881, 3883, 3888, 3914, 3925, 3933, 3941, 3955, 3956, 3967, 3970, 3999, 4004, 4079, 4204, 4236, 4330, 4538, 4694, 4728, 4769, 4812]"
COC(=O)CC1SC2=NCCN2C1(O)c1ccccc1,"[0, 9, 17, 296, 297, 340, 503, 556, 561, 668, 1147, 1153, 1156, 1157, 1161, 1192, 1523, 1563, 2261, 2546, 2666, 2672, 2854, 2855, 2856, 2948, 2974, 3012, 3024, 3223, 3327, 3414, 3429, 3454, 3639, 3653, 3654, 3670, 3681, 3691, 3696, 3700, 3703, 3709, 3732, 3736, 3739, 3740, 3743, 3749, 3750, 3751, 3767, 3772, 3773, 3781, 3787, 3788, 3808, 3815, 3816, 3881, 3883, 3887, 3906, 3925, 3955, 3956, 3958, 3970, 4018, 4023, 4079, 4126, 4286, 4291, 4293, 4295, 4330, 4522, 4694, 4812, 4820, 4830, 4842, 4857]"
COc1ccc(CCNC(=O)Cn2c(=O)c3cccn3c3cccnc32)c(OC)c1OC,"[296, 340, 382, 386, 389, 466, 479, 482, 503, 505, 668, 676, 838, 1192, 1633, 1645, 2546, 2666, 2974, 3024, 3223, 3294, 3454, 3558, 3559, 3590, 3605, 3679, 3680, 3681, 3749, 3772, 3774, 3780, 3781, 3881, 3925, 3927, 3941, 3955, 3997, 3998, 3999, 4004, 4005, 4079, 4236, 4330, 4751, 4752, 4769]"
CCN(CC)C(=O)c1ccccc1NC(=O)NC(C(N)=O)C(C)(C)C,"[0, 15, 17, 18, 19, 296, 465, 604, 606, 609, 620, 668, 676, 677, 838, 890, 972, 982, 1145, 1153, 1155, 1159, 1172, 1192, 1404, 1426, 1498, 1565, 2261, 2264, 2287, 2288, 2974, 3024, 3223, 3294, 3335, 3368, 3384, 3389, 3395, 3397, 3401, 3403, 3417, 3454, 3601, 3639, 3646, 3656, 3658, 3660, 3661, 3670, 3691, 3692, 3700, 3732, 3739, 3741, 3749, 3750, 3751, 3755, 3772, 3778, 3780, 3781, 3881, 3883, 3888, 3925, 3932, 3936, 3941, 3942, 3944, 4079, 4192, 4236, 4280, 4285, 4286, 4293, 4330, 4530]"
O=C(CCNc1ncccn1)NCCc1ccn(-c2ccccc2)n1,"[296, 340, 382, 386, 389, 390, 400, 402, 466, 479, 482, 503, 505, 676, 777, 838, 1096, 1192, 1563, 1904, 1905, 2124, 2974, 3024, 3179, 3180, 3223, 3294, 3454, 3639, 3646, 3647, 3670, 3739, 3749, 3772, 3774, 3776, 3780, 3781, 3881, 3925, 3927, 3941, 4079, 4236, 4273, 4290, 4330]"
CCOC(=O)CON=C(C)C=Cc1ccc(Cl)cc1,"[125, 296, 465, 503, 556, 559, 646, 653, 668, 1192, 1519, 1641, 1785, 2258, 2546, 2594, 2597, 2659, 2672, 2974, 2985, 3007, 3012, 3024, 3223, 3228, 3327, 3439, 3442, 3451, 3454, 3545, 3639, 3787, 3788, 3789, 3805, 3820, 3868, 3955, 3956, 3958, 3966, 3970, 4079, 4330, 4694, 4802, 4810, 4828, 4833]"
CS(=O)(=O)Nc1ccc(Br)cc1,"[668, 676, 1012, 1038, 1138, 1140, 1143, 1144, 1149, 1641, 1774, 2780, 2795, 2854, 2875, 2949, 2964, 2968, 2974, 4018, 4020, 4022, 4079, 4240, 4319, 4327, 4328, 4330, 4842]"
COc1cc(C=CC(=O)NCCc2ccc(OC)c(OC)c2)ccc1O,"[125, 132, 296, 340, 382, 386, 388, 413, 466, 479, 592, 668, 676, 781, 838, 851, 1147, 1192, 1644, 1770, 1815, 2546, 2666, 2711, 2713, 2948, 2974, 2985, 3009, 3024, 3223, 3294, 3439, 3454, 3558, 3559, 3590, 3679, 3680, 3681, 3749, 3772, 3774, 3775, 3780, 3781, 3881, 3925, 3927, 3941, 3955, 3999, 4004, 4005, 4079, 4138, 4141, 4236, 4284, 4330, 4769]"
COc1ccc(NC(C)C(=O)N2c3ccccc3CC2C)cn1,"[0, 13, 19, 97, 101, 296, 297, 298, 668, 676, 677, 682, 706, 1192, 1565, 1658, 2261, 2264, 2546, 2666, 2974, 3024, 3081, 3223, 3294, 3401, 3403, 3454, 3601, 3639, 3646, 3647, 3648, 3670, 3681, 3703, 3739, 3749, 3772, 3774, 3776, 3780, 3781, 3881, 3891, 3925, 3927, 3936, 3941, 3942, 3955, 4079, 4236, 4280, 4285, 4293, 4330, 4536]"
CCNCCNC(=O)c1ccc(NS(C)(=O)=O)cc1,"[296, 340, 382, 386, 465, 466, 475, 479, 668, 676, 773, 787, 838, 1012, 1020, 1138, 1140, 1143, 1144, 1192, 1451, 1641, 2780, 2795, 2854, 2875, 2974, 3024, 3223, 3549, 3749, 3772, 3780, 3781, 3881, 3925, 3941, 4018, 4020, 4022, 4079, 4162, 4236, 4242, 4286, 4293, 4319, 4327, 4328, 4330, 4842]"
Cc1cnn(CC2CCCCN2C(=O)c2cccc3c2OCO3)c1,"[0, 217, 296, 297, 340, 343, 345, 609, 646, 668, 1192, 1591, 2261, 2264, 2546, 2974, 3024, 3156, 3221, 3223, 3401, 3403, 3590, 3605, 3639, 3660, 3661, 3691, 3705, 3711, 3725, 3728, 3732, 3734, 3739, 3740, 3741, 3749, 3750, 3751, 3755, 3772, 3780, 3781, 3881, 3883, 3888, 3914, 3915, 3925, 3936, 3941, 3955, 3999, 4004, 4079, 4236, 4286, 4330, 4538, 4746, 4762, 4769]"
CCOC(=O)CNC(=O)c1cc(C)oc1C,"[296, 465, 466, 479, 503, 556, 559, 646, 653, 668, 676, 789, 799, 838, 1192, 1239, 1295, 1519, 2546, 2594, 2672, 2974, 3024, 3158, 3223, 3327, 3454, 3530, 3609, 3617, 3749, 3772, 3780, 3787, 3788, 3789, 3799, 3800, 3805, 3881, 3925, 3941, 3947, 3955, 3956, 3958, 3965, 3970, 4079, 4236, 4282, 4285, 4294, 4330, 4530, 4677, 4694, 4825]"
CC(N1CCOCC1)C(O)(c1cccnc1)c1cccnc1,"[0, 13, 17, 69, 296, 340, 443, 604, 646, 647, 668, 1147, 1153, 1156, 1632, 2261, 2447, 2546, 2948, 2974, 3190, 3223, 3401, 3608, 3639, 3743, 3749, 3750, 3751, 3756, 3771, 3772, 3781, 3785, 3787, 3788, 3881, 3883, 3904, 3921, 3925, 3936, 3947, 3955, 3956, 4079, 4294, 4330, 4826]"
C=CCn1c(CCC)nc2ccccc21,"[137, 296, 338, 340, 381, 465, 668, 1565, 2190, 2974, 2985, 3223, 3439, 3639]"
O=C(NC(Cc1ccccc1)C(=O)O)NC1CCCc2ccccc21,"[0, 15, 19, 24, 33, 103, 296, 297, 301, 303, 314, 340, 343, 565, 676, 677, 696, 697, 838, 890, 1147, 1192, 1405, 1563, 1565, 2948, 2974, 3024, 3223, 3327, 3401, 3403, 3413, 3414, 3418, 3454, 3595, 3639, 3653, 3670, 3681, 3691, 3703, 3709, 3732, 3734, 3739, 3741, 3743, 3749, 3772, 3778, 3780, 3787, 3881, 3925, 3932, 3936, 3937, 3941, 3947, 3955, 4079, 4192, 4236, 4282, 4285, 4286, 4294, 4330, 4520, 4530, 4664, 4677, 4694, 4825]"
Cc1oc(-c2ccc(Cl)cc2)nc1CN1CCCC(C(=O)NCc2ccco2)C1,"[0, 19, 222, 296, 297, 301, 302, 340, 343, 437, 466, 479, 480, 579, 604, 619, 668, 676, 803, 838, 839, 1192, 1636, 1641, 1785, 2258, 2261, 2974, 3024, 3156, 3158, 3194, 3223, 3294, 3368, 3374, 3395, 3454, 3609, 3639, 3646, 3647, 3658, 3670, 3691, 3692, 3700, 3705, 3706, 3708, 3728, 3732, 3739, 3740, 3749, 3750, 3751, 3772, 3781, 3820, 3868, 3881, 3883, 3894, 3914, 3925, 3927, 3941, 4079, 4236, 4287, 4290, 4330]"
CN(Cc1ccccc1)C(=O)COC(=O)c1ccc2c(c1)OCO2,"[296, 503, 553, 565, 607, 609, 611, 629, 646, 653, 668, 1192, 1255, 1563, 1644, 1894, 2261, 2262, 2263, 2264, 2304, 2307, 2546, 2597, 2657, 2672, 2711, 2974, 3024, 3221, 3223, 3294, 3454, 3558, 3559, 3571, 3590, 3749, 3750, 3772, 3787, 3788, 3805, 3881, 3883, 3888, 3898, 3925, 3927, 3931, 3941, 3947, 3955, 3956, 3970, 3996, 3999, 4004, 4079, 4190, 4236, 4286, 4294, 4330, 4532, 4632, 4644, 4694, 4716, 4717, 4746, 4769, 4810, 4812]"
Nc1ncc(-c2cc(C3C4CN(C5COC5)CC43)n(CC3CC3)n2)cc1C(F)(F)F,"[0, 59, 227, 296, 297, 604, 646, 1145, 1153, 1535, 1944, 2023, 2259, 2261, 2546, 2974, 3057, 3155, 3156, 3223, 3368, 3395, 3401, 3608, 3639, 3658, 3691, 3705, 3728, 3732, 3739, 3740, 3743, 3749, 3750, 3751, 3756, 3772, 3781, 3785, 3787, 3788, 3881, 3883, 3913, 3914, 3915, 3925, 3936, 3947, 3955, 3956, 4031, 4052, 4079, 4268, 4294, 4330]"
C=CC(C)=CCCC(C)=Cc1cc(C(=O)O)co1,"[137, 296, 340, 668, 1147, 1192, 1405, 2948, 2974, 2985, 3024, 3158, 3223, 3439, 3609, 3617, 3639, 3667, 3691, 3705, 3955, 4330, 4694]"
COc1cc(C#N)ccc1OCCOc1ccc(F)cc1,"[296, 340, 443, 646, 668, 1152, 1641, 1644, 1797, 2259, 2546, 2591, 2666, 2710, 2711, 2713, 2974, 2976, 3223, 3558, 3559, 3590, 3787, 3955, 3999, 4004, 4005, 4031, 4066, 4079, 4080, 4330, 4733, 4769, 4828]"
CCCCCCCCCCCCNC(=O)c1cc(O)c(O)c(O)c1,"[296, 340, 343, 345, 346, 347, 348, 349, 353, 354, 361, 362, 363, 381, 382, 386, 465, 466, 479, 668, 676, 838, 1147, 1192, 1931, 2948, 2974, 3024, 3223, 3519, 3558, 3559, 3590, 3639, 3691, 3705, 3711, 3718, 3721, 3725, 3728, 3732, 3734, 3739, 3741, 3749, 3772, 3780, 3881, 3925, 3941, 4079, 4236, 4286, 4330, 4716, 4717, 4746, 4751, 4752, 4769]"
COc1ccc2nc3cc(Cl)ccc3c(N3CCN(C)CC3)c2c1,"[296, 340, 434, 604, 607, 668, 1644, 1786, 2258, 2261, 2263, 2427, 2443, 2546, 2666, 2974, 3140, 3142, 3178, 3223, 3749, 3750, 3751, 3772, 3781, 3820, 3868, 3881, 3883, 3920, 3925, 3955, 3999, 4079, 4293, 4330]"
CN1CCN(C(=O)C2CCN(S(=O)(=O)c3ccc(F)cc3)CC2)CC1,"[0, 19, 231, 296, 297, 301, 340, 434, 604, 607, 609, 620, 622, 668, 1192, 1641, 1723, 1797, 2259, 2261, 2263, 2264, 2427, 2432, 2443, 2780, 2854, 2885, 2974, 3024, 3156, 3178, 3223, 3294, 3368, 3374, 3395, 3454, 3639, 3646, 3647, 3658, 3659, 3670, 3691, 3692, 3700, 3705, 3728, 3732, 3735, 3739, 3740, 3742, 3749, 3750, 3751, 3755, 3756, 3762, 3765, 3772, 3774, 3776, 3780, 3781, 3786, 3881, 3883, 3888, 3900, 3920, 3925, 3927, 3941, 3954, 4031, 4066, 4079, 4236, 4293, 4319, 4325, 4327, 4328, 4330, 4540, 4590, 4592, 4842, 4852]"
CCCCNC(=O)C(Cc1ccccc1)NC(=O)C(N)C(C)C,"[0, 1, 13, 15, 19, 91, 296, 297, 301, 302, 313, 340, 343, 361, 362, 363, 381, 382, 386, 465, 466, 479, 480, 565, 668, 676, 677, 696, 767, 838, 839, 840, 1145, 1192, 1282, 1563, 2974, 3024, 3223, 3294, 3301, 3368, 3384, 3389, 3395, 3401, 3403, 3417, 3454, 3639, 3646, 3647, 3648, 3658, 3660, 3670, 3681, 3691, 3692, 3700, 3703, 3732, 3734, 3739, 3741, 3749, 3772, 3774, 3776, 3780, 3781, 3782, 3784, 3881, 3925, 3927, 3936, 3941, 3944, 4079, 4236, 4280, 4285, 4293, 4330, 4520, 4530]"
O=C(C=Cc1cccc(NS(=O)(=O)c2ccccc2)c1)NO,"[125, 132, 676, 838, 851, 991, 1138, 1143, 1144, 1147, 1192, 1309, 1563, 1590, 2780, 2819, 2854, 2884, 2948, 2974, 2985, 3009, 3024, 3223, 3294, 3325, 3439, 3454, 3586, 3749, 3881, 4079, 4138, 4141, 4236, 4284, 4319, 4325, 4327, 4328, 4330, 4590, 4834, 4842, 4852]"
CC1CCC(C2Cc3ccccc3C2O)CC1C,"[0, 1, 13, 16, 33, 206, 296, 297, 298, 340, 668, 1147, 1565, 2948, 2974, 3149, 3223, 3368, 3393, 3394, 3398, 3429, 3592, 3595, 3639, 3658, 3659, 3681, 3691, 3703, 3705, 3709, 3711, 3718, 3721, 3726, 3729, 3736, 3743, 3787, 3955, 4330, 4812]"
COc1ccc(S(=O)(=O)Nc2ccccc2Cl)cc1NC(C)=O,"[668, 676, 838, 889, 972, 985, 1138, 1143, 1144, 1192, 1262, 1565, 1582, 1644, 2258, 2546, 2666, 2711, 2780, 2854, 2974, 3024, 3223, 3294, 3454, 3749, 3820, 3868, 3881, 3942, 3955, 3999, 4079, 4236, 4266, 4267, 4319, 4325, 4327, 4328, 4330, 4590, 4724, 4768, 4842, 4852]"
Cn1cnc(CNC(=O)NNC(=O)c2ccc(Br)cc2Cl)n1,"[296, 466, 479, 487, 668, 676, 810, 812, 815, 838, 890, 896, 1149, 1192, 1299, 1644, 1653, 1775, 2258, 2949, 2959, 2968, 2974, 3024, 3524, 3598, 3820, 3861, 3868, 3871, 3881, 3925, 3932, 3941, 3948, 4079, 4152, 4172, 4192, 4200, 4236, 4286, 4300, 4312, 4314, 4316, 4330, 4578]"
CCN(CC)CC(=O)Nc1c(C)cccc1C,"[296, 465, 503, 505, 604, 606, 619, 626, 668, 676, 838, 883, 1088, 1192, 1253, 1591, 2081, 2261, 2287, 2974, 3024, 3223, 3294, 3454, 3573, 3576, 3601, 3749, 3750, 3751, 3752, 3756, 3757, 3759, 3762, 3772, 3781, 3782, 3784, 3881, 3883, 3892, 3893, 3925, 3942, 3944, 4079, 4236, 4280, 4285, 4293, 4330]"
Cn1cnc(-c2cc(-c3nn[nH]n3)ccn2)c1-c1ccc(F)c(O)c1,"[668, 1147, 1644, 1652, 1908, 2134, 2259, 2948, 2974, 4031, 4066, 4330, 4765]"
CC1(C)Cc2c(cnn2-c2ccc(F)cc2)C(NS(=O)(=O)N2CCCC2)C1,"[0, 296, 297, 340, 343, 604, 622, 668, 676, 677, 1138, 1143, 1144, 1153, 1155, 1159, 1641, 1797, 2029, 2259, 2261, 2413, 2780, 2854, 2974, 3155, 3180, 3223, 3335, 3368, 3639, 3656, 3658, 3691, 3732, 3735, 3739, 3742, 3749, 3765, 3772, 3781, 3786, 3881, 3900, 3925, 3954, 4031, 4066, 4079, 4319, 4327, 4328, 4330, 4842]"
Cc1ccc(CNC(=O)NCCCO)cc1,"[296, 340, 343, 362, 363, 366, 382, 386, 393, 397, 466, 479, 487, 493, 581, 584, 668, 676, 769, 838, 890, 893, 1147, 1192, 1283, 1641, 1749, 2948, 2974, 3024, 3223, 3528, 3639, 3739, 3741, 3743, 3749, 3772, 3778, 3780, 3787, 3881, 3925, 3932, 3941, 3955, 4079, 4192, 4236, 4286, 4292, 4330, 4822]"
CC(C)OC(=O)CSc1nnc(-c2cnccn2)n1C,"[0, 13, 71, 91, 296, 503, 556, 664, 668, 1192, 1507, 2217, 2546, 2547, 2549, 2672, 2854, 2869, 2974, 3024, 3223, 3327, 3407, 3409, 3454, 3639, 3787, 3788, 3789, 3801, 3805, 3808, 3955, 3956, 3958, 3970, 4018, 4330, 4680, 4694, 4830, 4842, 4855]"
C=CC(=O)Nc1cc2c(Nc3cccc(Br)c3)c(C#N)cnc2cc1OC,"[137, 668, 676, 838, 991, 1002, 1149, 1152, 1192, 1590, 1614, 1930, 2546, 2666, 2949, 2968, 2974, 2976, 2985, 3009, 3024, 3142, 3223, 3294, 3439, 3454, 3608, 3749, 3881, 3942, 3955, 3999, 4079, 4138, 4236, 4267, 4284, 4330, 4768]"
Fc1ccc(OCCOc2ccccc2Br)cc1,"[296, 340, 443, 646, 1149, 1565, 1571, 1641, 1797, 2259, 2546, 2591, 2694, 2710, 2949, 2968, 2974, 3223, 3787, 3955, 3999, 4031, 4066, 4330, 4733, 4758, 4828]"
CC(C)c1ccccc1N1C(=NC(=O)CNC(=O)OC(C)(C)C)SC2CS(=O)(=O)CC21,"[0, 1, 13, 33, 91, 265, 269, 296, 297, 466, 479, 503, 662, 664, 668, 676, 789, 838, 923, 1153, 1155, 1159, 1172, 1192, 1239, 1524, 1565, 2261, 2546, 2671, 2672, 2780, 2854, 2855, 2974, 3012, 3016, 3024, 3223, 3294, 3359, 3360, 3368, 3381, 3401, 3407, 3408, 3409, 3454, 3601, 3639, 3660, 3681, 3691, 3738, 3739, 3749, 3767, 3772, 3773, 3780, 3787, 3788, 3802, 3805, 3808, 3813, 3814, 3815, 3816, 3819, 3881, 3891, 3906, 3925, 3933, 3936, 3941, 3942, 3944, 3955, 3956, 3967, 3970, 4018, 4022, 4023, 4079, 4126, 4204, 4236, 4280, 4285, 4293, 4295, 4330, 4530, 4605, 4694, 4842, 4858, 4859]"
CSCCC(NC(=O)Nc1ccc(C)cc1)C(=O)O,"[0, 15, 19, 24, 76, 103, 296, 297, 301, 303, 314, 340, 457, 664, 668, 676, 677, 692, 838, 890, 1012, 1029, 1147, 1192, 1405, 1641, 1749, 2854, 2875, 2948, 2974, 3024, 3223, 3327, 3401, 3403, 3413, 3418, 3454, 3549, 3552, 3639, 3653, 3660, 3661, 3666, 3670, 3691, 3696, 3700, 3736, 3738, 3739, 3741, 3743, 3749, 3772, 3778, 3780, 3787, 3808, 3815, 3881, 3925, 3932, 3936, 3937, 3941, 3942, 3947, 3955, 4018, 4030, 4079, 4192, 4236, 4282, 4285, 4294, 4330, 4530, 4677, 4694, 4825, 4842]"
CN1CCN(c2ncc3cc(Cl)ccc3n2)CC1,"[296, 340, 434, 604, 607, 668, 1644, 1786, 2258, 2261, 2263, 2427, 2443, 2974, 3144, 3178, 3179, 3223, 3749, 3750, 3751, 3772, 3781, 3820, 3868, 3881, 3883, 3920, 3925, 4079, 4273, 4293]"
CCOC(=O)c1c(C)oc2ccc(OC(=O)COc3c(F)c(F)c(F)c(F)c3F)cc12,"[296, 465, 503, 556, 646, 653, 668, 1192, 1519, 1644, 2065, 2103, 2104, 2234, 2259, 2546, 2594, 2597, 2659, 2672, 2769, 2974, 3024, 3084, 3158, 3223, 3327, 3454, 3609, 3617, 3787, 3788, 3805, 3955, 3956, 3970, 3999, 4031, 4053, 4054, 4064, 4066, 4330, 4582, 4694, 4702, 4733, 4765, 4802, 4810, 4828]"
CNC(=O)Oc1cccc(C(C)N(C)C)c1,"[0, 13, 66, 68, 668, 676, 809, 838, 923, 1192, 1298, 1590, 2261, 2263, 2305, 2546, 2672, 2682, 2702, 2974, 3024, 3223, 3414, 3590, 3681, 3749, 3750, 3772, 3881, 3883, 3925, 3933, 3941, 3955, 3999, 4079, 4204, 4236, 4286, 4330, 4582, 4694]"
Cc1ccccc1OCCC(=O)OCC(=O)Nc1c(C)nn(-c2ccccc2)c1C,"[296, 340, 400, 409, 443, 503, 505, 556, 560, 646, 653, 668, 676, 838, 885, 1192, 1255, 1563, 1565, 1567, 2090, 2211, 2213, 2546, 2597, 2672, 2694, 2974, 3024, 3180, 3223, 3294, 3327, 3330, 3454, 3605, 3639, 3653, 3654, 3655, 3670, 3743, 3749, 3787, 3788, 3789, 3794, 3805, 3881, 3955, 3956, 3958, 3970, 3999, 4079, 4190, 4236, 4294, 4330, 4532, 4694, 4810]"
COc1ccc2[nH]cc(CCNC(=O)CN3C(=O)C(=Cc4ccc(F)cc4)SC3=S)c2c1,"[158, 296, 340, 382, 386, 389, 466, 479, 482, 503, 505, 609, 668, 676, 783, 838, 1192, 1641, 1644, 1797, 1921, 1922, 2259, 2261, 2264, 2478, 2546, 2666, 2854, 2974, 2985, 3002, 3003, 3009, 3024, 3053, 3077, 3223, 3294, 3301, 3439, 3454, 3489, 3547, 3673, 3674, 3749, 3750, 3751, 3752, 3772, 3774, 3775, 3780, 3781, 3782, 3784, 3808, 3815, 3818, 3881, 3883, 3888, 3892, 3893, 3925, 3927, 3941, 3944, 3955, 3989, 3999, 4018, 4031, 4055, 4066, 4079, 4138, 4141, 4191, 4223, 4236, 4237, 4280, 4284, 4285, 4293, 4295, 4330, 4423, 4443, 4529, 4530, 4544, 4842, 4855]"
CN1CCC(N(C)Cc2cc(Cl)ccc2C(F)(F)F)CC1,"[0, 66, 231, 296, 297, 340, 434, 604, 607, 668, 1153, 1535, 1644, 1786, 2258, 2259, 2261, 2263, 2974, 3156, 3223, 3401, 3545, 3584, 3595, 3596, 3639, 3660, 3691, 3705, 3728, 3732, 3739, 3740, 3749, 3750, 3751, 3772, 3781, 3820, 3868, 3881, 3883, 3914, 3925, 3936, 4031, 4040, 4045, 4052, 4079, 4286]"
CN(C)CCn1c(CC(C)(C)C)nc2cc(S(=O)(=O)CC(C)(C)O)ccc21,"[296, 340, 434, 441, 496, 607, 628, 662, 664, 668, 1147, 1153, 1155, 1156, 1159, 1160, 1172, 1644, 2261, 2263, 2305, 2780, 2854, 2948, 2974, 3223, 3335, 3359, 3368, 3407, 3639, 3749, 3750, 3772, 3787, 3808, 3813, 3814, 3881, 3883, 3925, 3955, 4018, 4019, 4022, 4027, 4079, 4330, 4590, 4830, 4831, 4842, 4852]"
COCCCNC(=O)NNC(=O)c1c(C)oc(C)c1C,"[296, 340, 343, 362, 363, 374, 382, 386, 393, 443, 466, 479, 487, 646, 651, 668, 676, 771, 810, 812, 815, 838, 890, 896, 1192, 1299, 2546, 2666, 2974, 3024, 3158, 3223, 3530, 3609, 3617, 3639, 3739, 3741, 3743, 3749, 3772, 3778, 3780, 3787, 3788, 3881, 3925, 3932, 3941, 3948, 3955, 3956, 4079, 4192, 4200, 4236, 4292, 4300, 4314, 4316, 4330, 4578, 4822]"
C=C(C)Cc1cccc(F)c1,"[296, 497, 575, 668, 1590, 1618, 2259, 2974, 2985, 3223, 3439, 3585, 3639, 3681, 3703, 4031, 4066]"
COCCOCC(=O)NCc1ccc(O)c(OC)c1,"[296, 340, 443, 466, 479, 482, 485, 503, 505, 646, 647, 651, 668, 676, 838, 885, 1147, 1192, 1644, 1770, 2546, 2591, 2597, 2666, 2948, 2974, 3024, 3223, 3294, 3454, 3558, 3559, 3590, 3749, 3772, 3787, 3788, 3881, 3925, 3927, 3931, 3941, 3947, 3955, 3956, 3999, 4004, 4079, 4190, 4236, 4286, 4294, 4330, 4769, 4810, 4828]"
CCOC(=O)C1CCCN(C(=O)c2csc(COc3ccc(C)cc3C)n2)C1,"[0, 19, 222, 296, 297, 301, 304, 340, 343, 465, 604, 609, 620, 646, 653, 668, 1192, 1519, 1644, 1651, 1750, 2033, 2261, 2264, 2546, 2594, 2672, 2711, 2741, 2974, 3024, 3156, 3199, 3223, 3327, 3368, 3374, 3395, 3397, 3398, 3454, 3553, 3559, 3573, 3605, 3624, 3639, 3653, 3654, 3658, 3670, 3691, 3696, 3700, 3705, 3707, 3708, 3728, 3729, 3732, 3734, 3736, 3739, 3740, 3741, 3743, 3749, 3750, 3751, 3755, 3772, 3780, 3781, 3787, 3788, 3789, 3794, 3805, 3881, 3883, 3888, 3894, 3914, 3925, 3941, 3955, 3956, 3958, 3970, 3999, 4079, 4236, 4289, 4290, 4292, 4330, 4538, 4673, 4694, 4822]"
CCC(C)C(N)C(=O)OCc1cccc(NC(=N)N)c1,"[0, 1, 13, 19, 90, 296, 297, 298, 465, 646, 653, 668, 676, 832, 991, 1145, 1192, 1590, 2546, 2672, 2974, 3012, 3024, 3223, 3327, 3368, 3370, 3386, 3389, 3394, 3395, 3401, 3413, 3454, 3586, 3639, 3653, 3654, 3658, 3659, 3660, 3666, 3670, 3691, 3696, 3700, 3705, 3707, 3708, 3729, 3732, 3736, 3739, 3743, 3749, 3787, 3788, 3881, 3942, 3955, 3956, 3958, 3965, 3970, 4079, 4121, 4282, 4285, 4294, 4330, 4694, 4812]"
COCCCOc1ccc(Cl)cc1NC(=O)c1cnn2cccnc12,"[296, 340, 343, 374, 443, 646, 651, 668, 676, 838, 1078, 1192, 1644, 1786, 2029, 2124, 2258, 2546, 2666, 2711, 2974, 3024, 3179, 3223, 3639, 3743, 3787, 3788, 3820, 3866, 3868, 3881, 3942, 3955, 3956, 3999, 4079, 4236, 4258, 4267, 4330, 4728, 4768]"
CC(Br)c1ccccc1F,"[0, 13, 33, 37, 668, 1149, 1565, 1583, 2259, 2949, 2974, 3222, 3223, 3599, 3681, 4031, 4066]"
Cc1cc(C(=O)N2CC3COCC3(CN(C)C)C2)c(C)o1,"[0, 17, 296, 297, 604, 607, 609, 620, 628, 646, 647, 668, 1153, 1192, 2261, 2263, 2264, 2305, 2546, 2563, 2974, 3024, 3155, 3158, 3223, 3335, 3368, 3394, 3395, 3397, 3398, 3530, 3609, 3617, 3639, 3656, 3658, 3691, 3732, 3734, 3736, 3739, 3740, 3741, 3743, 3749, 3750, 3751, 3755, 3772, 3780, 3781, 3787, 3788, 3881, 3883, 3888, 3896, 3913, 3925, 3941, 3955, 3956, 4079, 4236, 4292, 4330, 4537, 4822]"
N=C(N)NC(=O)C(CC1CCCC1)c1ccc(Cl)c(Cl)c1,"[0, 19, 215, 296, 297, 301, 302, 340, 343, 676, 832, 838, 839, 1145, 1192, 1644, 1653, 1792, 1795, 2258, 2974, 3012, 3024, 3148, 3223, 3294, 3368, 3381, 3392, 3454, 3545, 3584, 3639, 3646, 3647, 3658, 3659, 3670, 3681, 3691, 3692, 3700, 3703, 3705, 3706, 3708, 3709, 3711, 3712, 3717, 3718, 3720, 3721, 3724, 3728, 3732, 3739, 3749, 3772, 3820, 3868, 3872, 3881, 3925, 3927, 3941, 4079, 4121, 4236, 4330, 4515]"
Cc1cc(C(=O)NCC(=O)N(C)C)c(C)n1-c1ccccc1,"[296, 466, 479, 503, 553, 668, 676, 789, 838, 1192, 1239, 1499, 1563, 2261, 2263, 2264, 2305, 2307, 2974, 3024, 3153, 3223, 3294, 3454, 3529, 3749, 3750, 3772, 3780, 3881, 3883, 3888, 3925, 3927, 3941, 3944, 4079, 4236, 4280, 4285, 4293, 4330, 4530]"
CCC(C)NS(=O)(=O)Cc1cccc(NC(=O)C(C)C)c1,"[0, 13, 19, 90, 91, 96, 97, 296, 297, 298, 465, 662, 663, 664, 668, 676, 677, 682, 702, 838, 839, 841, 991, 1138, 1143, 1144, 1192, 1194, 1590, 2780, 2854, 2974, 3024, 3223, 3294, 3368, 3374, 3395, 3401, 3406, 3454, 3586, 3589, 3639, 3646, 3660, 3670, 3691, 3739, 3742, 3749, 3786, 3881, 3942, 3954, 4018, 4020, 4022, 4079, 4236, 4319, 4327, 4328, 4330, 4842, 4856]"
CCCC(=O)Nc1c2c(nc3cccc(C)c13)CCCC2,"[296, 340, 343, 345, 381, 400, 402, 465, 503, 505, 668, 676, 838, 865, 1192, 1224, 1591, 2974, 3024, 3142, 3223, 3294, 3454, 3568, 3607, 3608, 3639, 3646, 3670, 3684, 3687, 3691, 3692, 3700, 3732, 3739, 3749, 3881, 4079, 4236, 4330]"
O=C(NC1CCCC1Nc1ccc(C(F)(F)F)cn1)c1c(F)cccc1-n1nccn1,"[0, 1, 15, 296, 297, 340, 343, 676, 677, 838, 1153, 1192, 1535, 1591, 1658, 2259, 2974, 3024, 3148, 3223, 3401, 3403, 3599, 3608, 3639, 3660, 3661, 3691, 3705, 3728, 3732, 3734, 3739, 3741, 3749, 3772, 3780, 3881, 3925, 3936, 3941, 4031, 4052, 4066, 4069, 4079, 4173, 4236, 4260, 4268, 4286, 4293, 4330]"
Cc1cccc(NC(=S)NC(=O)c2cnn(C)c2)c1,"[668, 676, 838, 935, 936, 953, 991, 998, 1192, 1313, 1590, 1608, 2974, 3024, 3586, 3881, 3915, 3925, 3941, 3942, 4079, 4208, 4217, 4236, 4237, 4330, 4544, 4842]"
CCCCNC(=O)COC(=O)c1cc(C)oc1C,"[296, 340, 343, 361, 362, 363, 381, 382, 386, 389, 391, 465, 466, 479, 482, 485, 503, 505, 646, 653, 668, 676, 767, 838, 885, 1192, 1255, 1282, 2546, 2597, 2672, 2974, 3024, 3158, 3223, 3294, 3454, 3530, 3609, 3617, 3639, 3691, 3732, 3734, 3739, 3741, 3749, 3772, 3774, 3777, 3780, 3781, 3785, 3787, 3788, 3805, 3881, 3925, 3927, 3931, 3941, 3947, 3955, 3956, 3970, 4079, 4190, 4236, 4294, 4330, 4532, 4694, 4810]"
O=C(CCCCCCc1nc2ccc(Cl)cc2[nH]1)NO,"[296, 340, 343, 345, 346, 347, 350, 367, 368, 400, 402, 503, 505, 517, 676, 838, 1147, 1192, 1309, 1644, 1786, 2148, 2195, 2258, 2948, 2974, 3024, 3033, 3205, 3223, 3294, 3325, 3454, 3626, 3631, 3639, 3646, 3670, 3686, 3691, 3692, 3700, 3705, 3706, 3708, 3711, 3712, 3717, 3718, 3720, 3728, 3732, 3739, 3749, 3820, 3868, 3881, 4079, 4236, 4330, 4834]"
CCCc1ccccc1NC(=S)NC(=O)c1cnn(C)c1,"[296, 340, 381, 465, 668, 676, 838, 935, 936, 953, 972, 1192, 1313, 1565, 2974, 3024, 3223, 3601, 3639, 3681, 3703, 3881, 3915, 3925, 3941, 3942, 4079, 4208, 4217, 4236, 4237, 4330, 4544, 4842]"
