fps,smiles,qed
"[15, 32, 33, 222, 223, 296, 297, 298, 301, 340, 343, 345, 432, 437, 479, 619, 1406, 1451, 1565, 2259, 2665, 2711, 2948, 2974, 3024, 3057, 3178, 3223, 3433, 3528, 3559, 3607, 3639, 3653, 3680, 3681, 3705, 3728, 3732, 3739, 3740, 3743, 3749, 3750, 3756, 3772, 3781, 3784, 3787, 3906, 3914, 3925, 3955, 3956, 4002, 4018, 4066, 4079, 4260, 4540, 4716, 4842]",O=C(C1=CC=C(F)C=C1CC)CCC2CCCCC2,0.687437511777675
"[0, 222, 340, 367, 609, 620, 668, 676, 1192, 1641, 2666, 2694, 2974, 3280, 3381, 3547, 3639, 3640, 3681, 3691, 3692, 3696, 3705, 3711, 3732, 3736, 3739, 3740, 3749, 3750, 3758, 3762, 3772, 3778, 3781, 3868, 3925, 3941, 3942, 3947, 4079, 4260, 4292, 4293, 4330]",COC1CCCN1C(=O)C2=CCC(C)CC2,0.7187548837183027
"[231, 296, 297, 434, 437, 443, 479, 607, 619, 638, 677, 838, 2261, 2265, 2412, 2427, 2594, 2720, 2948, 3223, 3401, 3429, 3439, 3568, 3584, 3639, 3705, 3739, 3740, 3749, 3750, 3751, 3756, 3780, 3781, 3787, 3881, 3883, 3892, 3925, 3999, 4052, 4066, 4079, 4236, 4273, 4330, 4478, 4842]",CCC1=CC=C(Br)C=C1NC(=O)C,0.8481194279981193
"[0, 296, 297, 298, 340, 343, 434, 443, 479, 604, 607, 619, 668, 676, 1192, 1617, 1792, 2261, 2546, 2948, 2974, 3152, 3178, 3223, 3368, 3401, 3429, 3435, 3545, 3559, 3563, 3711, 3732, 3739, 3741, 3743, 3751, 3755, 3756, 3762, 3772, 3781, 3802, 3881, 3883, 3888, 3918, 3925, 3942, 3947, 3955, 3999, 4031, 4079, 4204, 4280, 4590, 4812, 4842]",C=1C2=CC=C(Br)C=C2CN3CCNCC3C=1,0.7833008784875903
"[0, 24, 296, 301, 340, 345, 437, 607, 619, 638, 668, 1150, 1565, 2258, 2427, 2546, 2594, 2974, 3150, 3178, 3223, 3327, 3401, 3660, 3705, 3708, 3728, 3732, 3739, 3740, 3743, 3749, 3751, 3756, 3778, 3781, 3788, 3881, 3914, 3925, 3941, 3956, 4066, 4079, 4260, 4285, 4292, 4852]",CC1=CC=CC=C1NCCC2(C)CCCC2CCC=3C=C=3,0.6525969878345099
"[215, 231, 296, 297, 301, 340, 345, 437, 475, 495, 503, 591, 604, 676, 1192, 1644, 2258, 2259, 2261, 2263, 2432, 2516, 2974, 2978, 3157, 3223, 3282, 3327, 3398, 3454, 3568, 3691, 3711, 3728, 3732, 3739, 3741, 3749, 3750, 3751, 3760, 3772, 3774, 3787, 3820, 3881, 3883, 3891, 3893, 3914, 3925, 3947, 3999, 4280, 4289, 4292, 4330, 4664, 4746]",O=C(NC)CN1CCC(C2=CC=C(Cl)C=C2)C=3C1=C=3,0.8580942118849885
"[0, 296, 297, 340, 343, 363, 374, 380, 437, 581, 604, 619, 646, 668, 1153, 1519, 1644, 1785, 2261, 2263, 2666, 2948, 2974, 3155, 3156, 3223, 3282, 3395, 3545, 3618, 3639, 3670, 3691, 3700, 3703, 3739, 3740, 3749, 3750, 3751, 3762, 3772, 3781, 3881, 3883, 3920, 3925, 3954, 3955, 4079, 4293, 4330, 4728]",COCCN1CCC(C2=CC=C(C)C=C2C3C1=4)C3C=4,0.8228595172758062
"[17, 19, 296, 380, 381, 457, 604, 619, 620, 1192, 1563, 1565, 1620, 1641, 2258, 2546, 2547, 2974, 3024, 3178, 3223, 3294, 3368, 3374, 3406, 3541, 3547, 3563, 3568, 3639, 3658, 3691, 3703, 3705, 3709, 3732, 3739, 3740, 3751, 3758, 3772, 3787, 3881, 3883, 3913, 3925, 3941, 3955, 4066, 4079, 4280, 4330, 4852]",CC=CC=C(N(CC1=CC=CC=C1)CCC2=O)CC2,0.8204594088307334
"[19, 213, 296, 301, 340, 345, 374, 434, 437, 465, 503, 604, 637, 646, 664, 668, 676, 772, 1152, 1405, 1563, 1646, 2258, 2261, 2546, 2698, 2720, 2885, 2974, 3223, 3280, 3294, 3368, 3381, 3386, 3398, 3595, 3601, 3639, 3660, 3691, 3700, 3703, 3705, 3709, 3732, 3739, 3749, 3750, 3751, 3756, 3772, 3787, 3820, 3881, 3883, 3925, 3936, 3956, 3967, 3999, 4066, 4079, 4330, 4490, 4540, 4728]",CCN1CCCC1OCC(=O)C2=CC=C(Cl)C=C2Br,0.7606500008220848
"[0, 213, 296, 340, 343, 374, 434, 589, 604, 676, 677, 1147, 1156, 1797, 2033, 2261, 2263, 2305, 2427, 2666, 2974, 3178, 3398, 3407, 3413, 3454, 3595, 3639, 3667, 3691, 3692, 3702, 3739, 3743, 3749, 3750, 3751, 3755, 3772, 3820, 3881, 3883, 3888, 3925, 3955, 4079, 4121, 4253, 4268, 4293, 4294, 4330, 4812]",C=1SC=CC=CC=1NC=CC(C)C#N,0.7674484351558102
"[0, 33, 55, 296, 297, 340, 343, 432, 434, 437, 443, 565, 668, 757, 1144, 1147, 1786, 2261, 2412, 2765, 2854, 2875, 2948, 2974, 3009, 3024, 3142, 3156, 3194, 3223, 3429, 3454, 3547, 3592, 3595, 3607, 3639, 3658, 3681, 3691, 3705, 3739, 3740, 3743, 3749, 3750, 3756, 3762, 3772, 3781, 3785, 3881, 3883, 3888, 3920, 3942, 3955, 3999, 4003, 4022, 4027, 4079, 4192, 4291, 4293]",CC1=CC=CC=C1CCC2CCC(C)C(C)C=3OC2=3,0.7526864416729695
"[0, 231, 296, 340, 466, 591, 619, 620, 624, 668, 676, 838, 1149, 1192, 1426, 1633, 1653, 1792, 2259, 2261, 2427, 2546, 2547, 2710, 2711, 2974, 3012, 3024, 3148, 3153, 3155, 3156, 3162, 3223, 3280, 3598, 3624, 3639, 3646, 3659, 3670, 3691, 3703, 3705, 3732, 3739, 3740, 3749, 3750, 3751, 3756, 3762, 3772, 3781, 3787, 3808, 3868, 3881, 3883, 3920, 3925, 3932, 3941, 3955, 4031, 4066, 4079, 4204, 4236, 4274, 4285, 4286, 4294, 4327, 4330, 4335, 4520]",CCCCN(C(C1C)CCC2=O)C12,0.6618488067750028
"[0, 227, 296, 340, 475, 604, 619, 676, 1217, 1654, 1797, 1947, 2261, 2305, 2427, 2974, 3024, 3080, 3223, 3407, 3433, 3585, 3595, 3615, 3646, 3647, 3659, 3681, 3700, 3706, 3721, 3728, 3732, 3739, 3743, 3749, 3750, 3751, 3772, 3780, 3781, 3820, 3881, 3925, 3941, 3955, 3999, 4031, 4253, 4292, 4294, 4330, 4396, 4520]",CC(=O)N1CCC(C(=O)CC2=CC=C(Br)C=C2C)C1,0.8572873323148812
"[0, 19, 296, 297, 340, 443, 503, 604, 836, 1192, 1451, 1563, 1669, 2261, 2546, 2666, 2710, 3223, 3389, 3552, 3559, 3590, 3605, 3607, 3639, 3660, 3680, 3711, 3728, 3732, 3740, 3749, 3750, 3751, 3772, 3780, 3881, 3883, 3888, 3891, 3918, 3925, 3939, 3947, 3955, 3999, 4079, 4155, 4292, 4330, 4335]",C1C=CC=C(CCC2CCC3=CC=CC=C3C24C)OC41,0.6701087809533737
"[222, 231, 296, 297, 381, 408, 437, 604, 676, 1192, 1405, 2258, 2261, 2263, 2305, 2710, 2974, 3012, 3148, 3155, 3160, 3223, 3282, 3368, 3407, 3559, 3639, 3691, 3703, 3705, 3711, 3728, 3732, 3739, 3743, 3752, 3762, 3772, 3787, 3881, 3883, 3891, 3914, 3925, 3937, 3955, 3956, 3999, 4236, 4280, 4286, 4292, 4319, 4330, 4694, 4852]",CC(C)CSC1=CC=C(C(=O)N2CCCCC2)C3=C1C3,0.7939414882472152
"[296, 340, 434, 437, 503, 604, 607, 647, 668, 1147, 1153, 1192, 1565, 1641, 2258, 2259, 2263, 2546, 2672, 2948, 2974, 3223, 3374, 3639, 3646, 3647, 3658, 3664, 3691, 3705, 3709, 3732, 3739, 3740, 3741, 3755, 3756, 3758, 3772, 3774, 3780, 3781, 3784, 3787, 3820, 3881, 3883, 3888, 3914, 3920, 3925, 3936, 3941, 3942, 4031, 4079, 4158, 4174, 4286, 4289, 4294, 4325, 4330, 4728, 4763, 4852]",CNCCC(CCCC1=O)C=C1,0.6901882756505708
"[0, 13, 16, 44, 296, 340, 343, 345, 437, 443, 457, 646, 647, 1633, 1641, 2261, 2263, 2418, 2507, 2974, 3024, 3178, 3207, 3223, 3294, 3595, 3639, 3680, 3681, 3691, 3717, 3732, 3739, 3740, 3749, 3750, 3751, 3756, 3772, 3780, 3781, 3787, 3788, 3805, 3883, 3914, 3925, 3941, 3955, 3956, 4079, 4236, 4283, 4286, 4292, 4293, 4319, 4490, 4694]",NC(=O)COC1=CC=CC=C1,0.6854365722336557
"[0, 19, 231, 296, 297, 382, 432, 434, 437, 492, 503, 553, 628, 646, 668, 676, 1152, 1155, 2258, 2261, 2263, 2264, 2412, 2546, 2974, 3033, 3156, 3178, 3282, 3294, 3348, 3368, 3407, 3433, 3549, 3590, 3659, 3681, 3691, 3702, 3732, 3739, 3749, 3750, 3772, 3780, 3781, 3787, 3868, 3881, 3883, 3914, 3920, 3925, 3945, 3999, 4079, 4285, 4286, 4289, 4293, 4330, 4515]",CNCCC(CC)=C=C=C=CCC#N,0.6719408221854537
"[0, 13, 296, 297, 340, 343, 346, 475, 492, 604, 607, 638, 668, 836, 1192, 1426, 1583, 2259, 2261, 2263, 2546, 2720, 2854, 2974, 3223, 3294, 3547, 3568, 3595, 3605, 3639, 3681, 3691, 3703, 3705, 3711, 3740, 3741, 3743, 3749, 3751, 3772, 3820, 3868, 3881, 3883, 3919, 3955, 3999, 4052, 4079, 4190, 4253, 4294, 4330, 4540]",C1NCCCCC1OC(=O)C2=CC=CC(Br)=C2,0.8532630732600329
"[296, 340, 400, 465, 604, 607, 619, 621, 838, 1906, 2217, 2261, 2264, 2948, 3024, 3077, 3162, 3223, 3387, 3559, 3571, 3585, 3639, 3680, 3691, 3692, 3700, 3705, 3728, 3732, 3739, 3741, 3743, 3749, 3750, 3755, 3762, 3772, 3774, 3787, 3820, 3881, 3888, 3914, 3955, 3956, 4079, 4285, 4290, 4292, 4294, 4330, 4694, 4852]",CC1CCCN1C(=O)COC2=CC=CC=C2,0.7785737832868589
"[0, 125, 296, 297, 340, 343, 437, 443, 466, 619, 646, 668, 676, 682, 1457, 1723, 1787, 2258, 2263, 2427, 2694, 2720, 2974, 3024, 3048, 3088, 3368, 3414, 3595, 3644, 3658, 3681, 3691, 3703, 3708, 3732, 3739, 3740, 3741, 3750, 3756, 3762, 3772, 3781, 3820, 3881, 3883, 3920, 3925, 3945, 3956, 3999, 4079, 4273, 4280, 4292]",CNCCC(N)CC1CC=C=C=C1Cl,0.682143747815216
"[0, 24, 296, 340, 386, 434, 609, 664, 668, 676, 1192, 1651, 2258, 2261, 2546, 2974, 2980, 3053, 3223, 3280, 3294, 3401, 3601, 3660, 3670, 3680, 3728, 3739, 3740, 3741, 3743, 3749, 3750, 3751, 3755, 3772, 3874, 3881, 3883, 3891, 3914, 3920, 3925, 3927, 3955, 4027, 4079, 4121, 4319, 4327, 4728]",CC1=CC=C(O)C=C1CCC2CCCCCC2=O,0.8239636163977547
"[19, 296, 340, 381, 434, 581, 604, 607, 619, 620, 637, 668, 1153, 1406, 1535, 1653, 2546, 2694, 2948, 2974, 3009, 3024, 3156, 3223, 3294, 3401, 3414, 3439, 3545, 3547, 3598, 3639, 3670, 3732, 3739, 3740, 3741, 3743, 3749, 3750, 3752, 3755, 3756, 3772, 3781, 3785, 3787, 3881, 3883, 3888, 3925, 3935, 3947, 3955, 4018, 4079, 4330, 4478, 4812]",CCN1CCOC(C2=CC=C(Br)C=C2)C1=O,0.8341030899059334
"[0, 223, 296, 298, 299, 340, 343, 382, 429, 437, 443, 466, 668, 838, 1145, 1147, 1426, 1447, 2245, 2258, 2259, 2261, 2974, 3162, 3199, 3223, 3280, 3563, 3584, 3605, 3639, 3646, 3680, 3691, 3703, 3705, 3715, 3728, 3732, 3739, 3740, 3743, 3749, 3750, 3751, 3756, 3772, 3781, 3787, 3808, 3881, 3883, 3891, 3894, 3925, 3927, 3939, 3941, 3956, 3970, 4112, 4280, 4285, 4330, 4540]",CC1=CC=C(Br)C=C1Br,0.660258515498172
"[0, 19, 296, 297, 330, 340, 353, 362, 380, 382, 434, 437, 479, 503, 565, 604, 619, 640, 676, 1675, 1792, 2258, 2427, 2546, 2666, 2974, 3024, 3156, 3223, 3280, 3294, 3378, 3401, 3595, 3607, 3639, 3681, 3691, 3700, 3703, 3728, 3732, 3736, 3739, 3740, 3751, 3772, 3781, 3785, 3868, 3883, 3914, 3920, 3925, 3941, 3955, 4066, 4079, 4203, 4293, 4330, 4852]",COC1=CC=C(Cl)C=C1C2CCCN(CC3CCC=C=C34)CC24,0.732253340357721
"[231, 296, 340, 345, 400, 457, 466, 609, 619, 646, 1192, 1535, 1565, 2258, 2261, 2516, 2666, 2854, 2974, 3024, 3057, 3156, 3223, 3368, 3434, 3535, 3559, 3670, 3681, 3705, 3724, 3728, 3732, 3740, 3743, 3749, 3750, 3751, 3772, 3781, 3785, 3787, 3820, 3881, 3927, 3932, 3955, 3999, 4285, 4286, 4292, 4330]",N#CC1=CC=CC=C1CCCC2CCCCCC2,0.6910867869398958
"[0, 297, 298, 326, 330, 340, 345, 434, 465, 466, 492, 589, 604, 607, 620, 637, 646, 676, 839, 1192, 1563, 1644, 2259, 2261, 2546, 2650, 2974, 3162, 3223, 3368, 3595, 3639, 3658, 3680, 3691, 3702, 3728, 3740, 3749, 3751, 3772, 3781, 3820, 3881, 3883, 3893, 3913, 3925, 3927, 3936, 3955, 4018, 4031, 4052, 4066, 4079, 4080, 4258, 4285, 4291, 4293, 4294, 4694, 4728]",CCCCN(CC)C=C1CCCCC=C1F,0.6691722857144234
"[19, 296, 340, 343, 353, 475, 604, 607, 664, 668, 682, 838, 2129, 2259, 2261, 2547, 2720, 2948, 2974, 3024, 3077, 3223, 3528, 3541, 3639, 3660, 3700, 3705, 3749, 3750, 3751, 3772, 3781, 3787, 3820, 3881, 3883, 3888, 3925, 3944, 4066, 4079, 4080, 4236, 4286, 4292, 4819]",CC1=CC=C(Br)C=C1C(=O)N2CC3OCC23,0.7879520244684082
"[0, 296, 340, 343, 345, 437, 503, 604, 619, 668, 1747, 2261, 2434, 2547, 2563, 2710, 2720, 2854, 2974, 2976, 3075, 3223, 3401, 3406, 3639, 3640, 3660, 3681, 3708, 3732, 3734, 3739, 3740, 3750, 3751, 3756, 3772, 3781, 3820, 3881, 3920, 3925, 3935, 3941, 3942, 3945, 3956, 3999, 4079, 4204, 4260, 4268, 4292, 4330, 4809]",N#CC1=CC=C(NC=C1N2CCCCC2)C=C,0.787175897674724
"[0, 19, 296, 340, 382, 466, 604, 609, 620, 668, 2263, 2546, 2974, 3223, 3282, 3407, 3433, 3439, 3454, 3578, 3647, 3681, 3691, 3705, 3728, 3743, 3749, 3750, 3756, 3772, 3778, 3805, 3820, 3881, 3883, 3925, 3933, 3954, 3956, 3999, 4066, 4079, 4174, 4280, 4286, 4290, 4540, 4728, 4756]",CNCCC1C(O)C2=CC=CC(Br)=C2C1,0.882666977995321
"[37, 296, 297, 340, 343, 457, 604, 607, 609, 619, 1147, 1565, 1599, 1633, 1823, 2261, 2427, 2546, 2547, 2974, 3024, 3048, 3077, 3178, 3223, 3338, 3639, 3656, 3681, 3703, 3739, 3740, 3749, 3750, 3751, 3772, 3774, 3781, 3802, 3868, 3881, 3883, 3925, 3955, 4079, 4138, 4328, 4330, 4732, 4734, 4842]",O=C(C1=CC=CC=C1)N2CCN(C3=NC4=CC=CC=C4O3)CC2,0.7302931501839858
"[0, 24, 66, 296, 340, 434, 668, 839, 1653, 1810, 2261, 2288, 2311, 2546, 2710, 2974, 3150, 3155, 3223, 3280, 3368, 3433, 3568, 3592, 3595, 3639, 3653, 3660, 3670, 3691, 3703, 3705, 3709, 3728, 3729, 3732, 3739, 3749, 3756, 3772, 3881, 3883, 3888, 3891, 3913, 3920, 3925, 4052, 4058, 4079, 4236, 4284, 4286, 4294, 4330, 4609, 4756]",C1C=CC=C(C2CC3CCC2C3)C=C1Br,0.6502169551929529
"[0, 19, 32, 296, 297, 437, 441, 443, 457, 565, 581, 604, 609, 620, 668, 838, 1192, 1217, 1641, 2259, 2261, 2440, 2546, 2594, 2854, 2948, 2974, 2978, 3148, 3155, 3156, 3178, 3223, 3278, 3401, 3433, 3595, 3601, 3639, 3681, 3700, 3703, 3705, 3709, 3711, 3728, 3729, 3732, 3739, 3749, 3750, 3752, 3756, 3772, 3868, 3883, 3906, 3925, 3935, 3955, 3999, 4063, 4066, 4079, 4203, 4330, 4694, 4728, 4842]",C=1CC2=CC=C(NCCC(OCCC)=O)C2=1,0.6949480690887291
"[0, 13, 33, 53, 296, 297, 326, 340, 343, 367, 466, 607, 628, 1192, 1723, 2261, 2263, 2974, 3178, 3223, 3224, 3368, 3381, 3433, 3439, 3454, 3545, 3608, 3639, 3660, 3681, 3691, 3702, 3705, 3711, 3734, 3739, 3740, 3743, 3749, 3750, 3751, 3756, 3772, 3781, 3868, 3881, 3883, 3891, 3925, 3944, 3955, 3967, 4066, 4072, 4079, 4204, 4327, 4478]",NC(=O)CCC1CCC(CC1)C2=CC=CC3=C2C3,0.8804642617647057
"[296, 297, 340, 434, 475, 619, 620, 668, 676, 2261, 2412, 2546, 2974, 3223, 3282, 3547, 3584, 3607, 3639, 3670, 3709, 3728, 3732, 3749, 3751, 3772, 3781, 3820, 3868, 3872, 3881, 3883, 3925, 3927, 3933, 3955, 3984, 4004, 4066, 4079, 4284, 4290, 4330, 4521]",CC1=CC=C(Cl)C=C1CN2CCCC2,0.7230740321355923
"[26, 189, 223, 231, 296, 297, 340, 343, 400, 437, 466, 550, 1192, 1405, 1512, 1565, 1590, 1723, 1786, 2261, 2720, 2974, 3024, 3073, 3294, 3368, 3374, 3381, 3639, 3660, 3674, 3691, 3703, 3707, 3708, 3718, 3728, 3732, 3739, 3740, 3741, 3743, 3750, 3756, 3787, 3881, 3883, 3918, 3925, 3947, 3955, 3967, 4280, 4330, 4491, 4694, 4842]",NC(=O)C1=CC=CC=C1C(C)CC2CCCCC2CCC,0.7953189666616959
"[91, 231, 296, 340, 343, 396, 434, 437, 457, 503, 604, 619, 628, 1565, 1644, 2261, 2432, 2948, 2974, 2978, 3024, 3081, 3142, 3162, 3205, 3223, 3368, 3381, 3407, 3559, 3639, 3728, 3732, 3734, 3739, 3740, 3743, 3749, 3750, 3751, 3763, 3772, 3787, 3808, 3881, 3893, 3920, 3925, 3955, 3967, 3999, 4066, 4079, 4257, 4273, 4293, 4330, 4809]",NC(=O)CNC1=CC=C2C=C1C=CC2=C,0.7719137435802497
"[17, 112, 231, 296, 297, 340, 437, 589, 604, 668, 676, 1138, 1192, 1457, 1651, 2258, 2261, 2974, 3223, 3280, 3368, 3398, 3454, 3639, 3681, 3691, 3705, 3709, 3728, 3732, 3740, 3750, 3751, 3772, 3774, 3780, 3781, 3782, 3787, 3808, 3820, 3843, 3881, 3883, 3916, 3920, 3925, 3947, 3956, 4079, 4293, 4330]",CC1=CC=C(Cl)C=C1C2NCCCCC2,0.7627486880852619
"[0, 296, 297, 340, 374, 550, 619, 677, 838, 1138, 1152, 1641, 1795, 2261, 2263, 2432, 2546, 2672, 2974, 3223, 3282, 3454, 3639, 3659, 3691, 3705, 3706, 3740, 3749, 3751, 3762, 3772, 3776, 3781, 3787, 3881, 3888, 3914, 3920, 3925, 3945, 3946, 3955, 3999, 4079, 4280, 4327]",NC(=O)C1CCCCC12C3=CC=C(C)C=C32,0.7669061567120099
"[0, 16, 223, 296, 326, 340, 432, 475, 604, 619, 646, 676, 757, 1451, 1641, 1644, 1797, 2261, 2546, 2710, 2974, 3152, 3178, 3223, 3294, 3374, 3586, 3610, 3639, 3691, 3705, 3728, 3732, 3739, 3740, 3749, 3750, 3762, 3772, 3820, 3881, 3883, 3914, 3925, 3933, 3955, 4018, 4079, 4236, 4280, 4284]",N1C=CC=C1C=C=C=C(CN2CC)CCC2CC,0.8023412312923545
"[0, 112, 231, 296, 340, 343, 434, 604, 619, 646, 668, 676, 1147, 2261, 2411, 2666, 2854, 3024, 3148, 3162, 3223, 3294, 3559, 3639, 3691, 3702, 3703, 3728, 3732, 3739, 3740, 3741, 3749, 3750, 3751, 3756, 3772, 3780, 3787, 3868, 3881, 3883, 3888, 3892, 3914, 4066, 4079, 4158, 4236, 4290]",COC1=CC=C(Cl)C=C1N2CCCN=C2,0.7715735687243286
"[0, 296, 297, 299, 340, 382, 434, 437, 443, 621, 637, 668, 838, 1192, 1470, 1653, 2261, 2412, 2666, 2671, 2765, 2974, 3024, 3156, 3223, 3280, 3401, 3528, 3599, 3639, 3646, 3653, 3681, 3691, 3703, 3705, 3709, 3721, 3728, 3739, 3740, 3749, 3751, 3756, 3780, 3781, 3863, 3881, 3883, 3913, 3914, 3925, 3999, 4018, 4031, 4174, 4280, 4294, 4330, 4734]",COC1=CC=C(Br)C=C1CC(=O)N2CCCCC2,0.8585055104339729
"[0, 188, 207, 231, 296, 301, 340, 604, 619, 646, 1676, 2261, 2447, 2666, 2974, 2978, 3024, 3223, 3433, 3454, 3567, 3624, 3653, 3658, 3660, 3691, 3703, 3708, 3720, 3732, 3738, 3739, 3740, 3743, 3749, 3750, 3756, 3772, 3778, 3780, 3781, 3868, 3874, 3920, 3925, 3955, 4018, 4079, 4236, 4286, 4292, 4330, 4530, 4734]",N#CC1=CC=CC=C1NCCN(CC)CCC#N,0.7958653186756803
"[296, 353, 434, 443, 492, 581, 619, 646, 668, 1749, 2193, 2258, 2261, 2305, 2546, 2711, 2974, 3088, 3223, 3381, 3407, 3454, 3646, 3660, 3705, 3728, 3732, 3739, 3743, 3749, 3750, 3756, 3763, 3772, 3780, 3781, 3785, 3787, 3820, 3881, 3925, 3999, 4027, 4031, 4079, 4112, 4236, 4330, 4497, 4734, 4842, 4852]",CCN(CCO)CCNC(=O)C1=CC=C(Cl)C=C1,0.7871858757814248
"[0, 1, 296, 297, 340, 374, 604, 628, 668, 676, 1145, 1192, 1565, 1632, 1685, 2245, 2258, 2259, 2261, 2974, 2978, 3223, 3401, 3407, 3639, 3644, 3670, 3681, 3709, 3729, 3732, 3739, 3740, 3749, 3750, 3751, 3762, 3772, 3788, 3868, 3883, 3914, 3920, 3939, 3941, 3944, 4052, 4066, 4192, 4236, 4286, 4293, 4319]",CNCCC(C)C=C=C=C=C=C=C=C=C=C=C=C=C=C=C=CC1=CC=C=C=C=C1,0.6802322580358788
"[19, 231, 296, 298, 299, 340, 343, 353, 381, 408, 581, 604, 620, 1192, 1451, 2258, 2259, 2261, 2264, 2432, 2443, 2516, 2546, 2710, 2974, 3223, 3282, 3413, 3429, 3572, 3595, 3607, 3658, 3681, 3691, 3703, 3728, 3739, 3740, 3749, 3750, 3756, 3772, 3780, 3787, 3881, 3883, 3925, 3999, 4031, 4079, 4330, 4842]",CCN1CCOC(C(C)C2=CC=C(Cl)C=3)=C2C1=3,0.7077839881373295
"[0, 343, 367, 412, 434, 437, 587, 604, 620, 668, 1144, 1797, 1930, 2261, 2412, 2546, 2547, 2665, 2694, 2974, 3223, 3374, 3429, 3545, 3592, 3595, 3639, 3670, 3681, 3691, 3705, 3728, 3732, 3740, 3743, 3749, 3750, 3772, 3787, 3808, 3881, 3920, 3925, 3936, 3941, 3942, 3954, 3955, 3999, 4031, 4079, 4330, 4537, 4734, 4842]",CC1=CC(Br)=CC=C1Br,0.660258515498172
"[231, 296, 297, 340, 423, 437, 1192, 2258, 2261, 2262, 2263, 2265, 2694, 2974, 3223, 3401, 3454, 3568, 3639, 3653, 3709, 3724, 3728, 3732, 3739, 3740, 3749, 3750, 3772, 3778, 3780, 3781, 3805, 3872, 3881, 3883, 3891, 3913, 3925, 3931, 3944, 3945, 3955, 3956, 3989, 3999, 4045, 4079, 4319, 4520]",O=C(C1=CCCCC=C1NCCC)C=2C=C=2,0.7142465313137688
"[0, 24, 227, 296, 297, 340, 434, 437, 443, 493, 604, 653, 972, 1145, 1662, 2264, 2427, 2710, 2780, 2948, 2974, 2976, 3009, 3024, 3223, 3381, 3401, 3414, 3527, 3547, 3598, 3691, 3705, 3728, 3739, 3743, 3749, 3750, 3751, 3772, 3776, 3780, 3781, 3787, 3802, 3881, 3883, 3925, 3942, 3947, 3955, 3999, 4018, 4079, 4292, 4330, 4520]",N#CC(CO)C1CCC=C(C(=O)N2CCCCC2C=3)C1=3,0.8329871248454694
"[1, 26, 44, 340, 343, 434, 565, 668, 689, 1499, 1565, 1608, 1792, 1795, 2258, 2546, 2948, 2974, 3178, 3348, 3605, 3639, 3691, 3705, 3729, 3732, 3740, 3749, 3750, 3751, 3762, 3772, 3781, 3783, 3787, 3843, 3881, 3883, 3893, 3925, 3937, 4018, 4079, 4319, 4396, 4580, 4694]",CC1=CC=C(C)C=C1C(C)OC2CCCC2C(C)=O,0.8129876995144609
"[297, 340, 343, 604, 619, 668, 1145, 1646, 2258, 2261, 2666, 2948, 2974, 3156, 3178, 3223, 3282, 3348, 3401, 3439, 3639, 3644, 3658, 3680, 3691, 3702, 3728, 3732, 3739, 3740, 3743, 3750, 3762, 3763, 3772, 3781, 3787, 3868, 3872, 3881, 3883, 3920, 3925, 3927, 3941, 3947, 3956, 3999, 4066, 4079, 4173, 4236, 4330, 4646, 4734, 4842, 4852]",COC1=CC=C(Cl)C=C1CC2CCN(C)C=C2,0.8169531528123964
"[296, 297, 340, 343, 365, 374, 386, 437, 466, 587, 637, 676, 1192, 1220, 1565, 1644, 2261, 2263, 3024, 3223, 3454, 3595, 3658, 3681, 3703, 3705, 3728, 3739, 3741, 3749, 3751, 3756, 3772, 3781, 3787, 3788, 3881, 3883, 3914, 3925, 3942, 3955, 3970, 3999, 4052, 4079, 4286, 4294, 4520, 4530, 4842]",NC(=O)CCC1CCC=CC1=C,0.6801294618790862
"[32, 92, 231, 296, 297, 343, 437, 443, 465, 492, 584, 604, 609, 620, 668, 838, 1641, 2261, 2263, 2948, 2974, 2985, 3024, 3155, 3223, 3294, 3413, 3454, 3552, 3573, 3639, 3708, 3728, 3739, 3740, 3743, 3749, 3750, 3756, 3763, 3772, 3776, 3781, 3787, 3881, 3883, 3891, 3925, 3955, 3956, 3999, 4079, 4330, 4728]",CCC1=CC=C(CC(=O)N2CCC(C)CC2)C=N1,0.8204501098961295
"[296, 297, 340, 380, 437, 465, 565, 581, 587, 591, 604, 668, 676, 820, 2258, 2261, 2263, 2547, 2594, 2974, 3155, 3178, 3368, 3433, 3608, 3639, 3646, 3691, 3703, 3728, 3734, 3739, 3740, 3749, 3751, 3756, 3772, 3781, 3787, 3881, 3888, 3892, 3925, 3955, 3999, 4079, 4292, 4768]",CCOC1=CC=C(Br)C=C1CN2CCC(C)CC2C,0.8094226466141019
"[0, 222, 296, 330, 437, 443, 466, 591, 620, 646, 668, 757, 777, 785, 839, 1147, 1565, 1653, 1749, 2261, 2546, 2854, 2974, 3223, 3224, 3607, 3639, 3660, 3691, 3703, 3732, 3740, 3741, 3743, 3749, 3751, 3763, 3772, 3781, 3820, 3881, 3883, 3891, 3893, 3913, 3925, 3933, 3942, 3944, 3945, 4079, 4292, 4330]",CC1=CC=C(Br)C=C1CN2CNCCC2CCC,0.9123563278794755
"[0, 223, 296, 340, 437, 443, 591, 604, 607, 646, 668, 707, 1145, 1192, 1565, 1929, 2261, 2264, 2546, 2547, 2666, 2948, 2974, 3178, 3374, 3454, 3545, 3559, 3639, 3691, 3703, 3724, 3728, 3743, 3749, 3750, 3756, 3762, 3772, 3781, 3820, 3881, 3883, 3888, 3891, 3920, 3921, 3925, 3941, 3955, 3999, 4204, 4330, 4580]",COC1=CC=C(Br)C=C1CN2CCCCC2C,0.8405863126964034
"[0, 13, 297, 340, 343, 381, 466, 495, 581, 604, 653, 668, 757, 1156, 1565, 1785, 2261, 2666, 2711, 2948, 2974, 3024, 3077, 3178, 3223, 3368, 3395, 3439, 3454, 3559, 3639, 3646, 3680, 3692, 3705, 3732, 3739, 3743, 3749, 3750, 3762, 3772, 3781, 3868, 3881, 3883, 3914, 3925, 3932, 3941, 3955, 4079, 4236, 4284, 4289, 4294, 4325, 4540, 4812, 4823, 4852]",CCN1CCCC1COC(=O)C2=CC=C(Br)C3=C2C3,0.8099838567269777
"[132, 227, 296, 340, 382, 434, 757, 1147, 1797, 2259, 2432, 2546, 2547, 2666, 2948, 2974, 3024, 3178, 3223, 3401, 3639, 3705, 3732, 3739, 3740, 3743, 3749, 3750, 3751, 3772, 3781, 3784, 3787, 3820, 3868, 3881, 3955, 3999, 4018, 4079, 4174, 4284, 4292, 4293, 4294, 4330, 4716]",N#CC1=CC=C(Br)C=C1C(=O)N2CCOCC2O,0.8430750290232287
"[231, 296, 297, 343, 437, 443, 466, 604, 668, 1147, 1152, 1563, 1588, 1591, 2261, 2263, 2547, 2720, 2974, 3223, 3368, 3374, 3395, 3398, 3401, 3607, 3658, 3670, 3681, 3728, 3732, 3736, 3739, 3749, 3751, 3762, 3772, 3781, 3820, 3868, 3881, 3883, 3925, 3947, 3956, 4027, 4079, 4155, 4280, 4292]",CN1CCOC(CC2=CC=CC=C2C)C1CCC=3C=C=3,0.7615833338099453
"[0, 19, 296, 297, 340, 343, 400, 434, 465, 604, 619, 668, 676, 1145, 1147, 1405, 2264, 2546, 2547, 2694, 2875, 2974, 3009, 3024, 3056, 3155, 3223, 3280, 3439, 3454, 3584, 3629, 3639, 3691, 3734, 3739, 3751, 3756, 3772, 3780, 3781, 3820, 3881, 3883, 3920, 3921, 3925, 3927, 4267, 4282, 4286, 4292, 4694, 4820, 4842]",CCC1=CC=C(Cl)C=C1NC(C)CC[O-1],0.8373018033372425
"[0, 13, 296, 297, 340, 343, 345, 363, 382, 434, 437, 443, 457, 591, 609, 676, 1262, 1633, 1653, 2258, 2261, 2546, 2694, 3012, 3024, 3223, 3294, 3348, 3374, 3381, 3395, 3545, 3639, 3681, 3703, 3705, 3728, 3732, 3739, 3743, 3751, 3762, 3772, 3774, 3820, 3881, 3883, 3925, 3941, 3945, 3955, 3999, 4058, 4079, 4260, 4284, 4286, 4292, 4293, 4294, 4664, 4694, 4728, 4763]",NC(=O)NC1=CC=C(Cl)C=C1C(=O)NC(C)CCC2CC2,0.7538968803891076
"[0, 26, 296, 297, 340, 437, 604, 621, 677, 1519, 1608, 1786, 2258, 2261, 2948, 2974, 3148, 3156, 3199, 3223, 3401, 3429, 3639, 3658, 3681, 3706, 3709, 3732, 3739, 3740, 3749, 3750, 3751, 3774, 3786, 3787, 3881, 3883, 3918, 3920, 3925, 3936, 3942, 3999, 4018, 4236, 4330, 4852]",CCC1=CC=CC=C1NCCC(NC2=NC=C(C)S23C)C3=CC,0.8285709490672856
"[0, 296, 297, 299, 340, 343, 437, 443, 619, 757, 1451, 1605, 1786, 1963, 2261, 2266, 2546, 2594, 2720, 2974, 3024, 3156, 3179, 3223, 3282, 3327, 3414, 3559, 3595, 3618, 3639, 3670, 3691, 3715, 3728, 3732, 3739, 3740, 3743, 3750, 3756, 3762, 3772, 3781, 3881, 3883, 3893, 3920, 3925, 3942, 3999, 4031, 4079, 4236, 4285, 4325, 4330, 4694, 4734]",CC1=CC=CC=C1C(=O)OCCC2CCCCCC23CC3,0.7356269056838645
"[297, 340, 374, 380, 446, 457, 589, 591, 604, 664, 668, 676, 822, 2258, 2265, 2710, 2780, 2974, 3152, 3223, 3294, 3595, 3605, 3629, 3639, 3653, 3658, 3680, 3681, 3691, 3700, 3709, 3728, 3734, 3739, 3740, 3743, 3749, 3751, 3752, 3755, 3756, 3762, 3772, 3781, 3784, 3820, 3881, 3883, 3888, 3914, 3925, 3947, 3955, 4058, 4079, 4080, 4330, 4802]",N#CC1=CC=C(Cl)C=C1CN2CCCC2=O,0.7884689597002378
"[0, 97, 231, 296, 301, 340, 343, 434, 443, 581, 604, 1156, 1565, 1633, 2258, 2261, 2666, 2672, 2854, 2885, 2974, 3155, 3178, 3223, 3294, 3401, 3407, 3439, 3595, 3608, 3639, 3658, 3691, 3703, 3732, 3739, 3740, 3741, 3743, 3750, 3751, 3756, 3772, 3774, 3781, 3785, 3787, 3881, 3883, 3914, 3920, 3925, 3936, 3942, 3955, 3970, 4020, 4031, 4236, 4260, 4280, 4284, 4293, 4294, 4330, 4486, 4842]",N#CC1=CC=CC=C1NCCN2C=CC=CC2=C,0.87479150601676
"[0, 1, 13, 19, 296, 297, 340, 343, 437, 604, 637, 646, 1192, 1451, 1565, 1644, 1723, 2261, 2263, 2427, 2546, 2594, 2949, 2974, 2976, 3178, 3207, 3223, 3280, 3294, 3398, 3401, 3585, 3607, 3624, 3639, 3728, 3732, 3739, 3749, 3750, 3772, 3781, 3868, 3881, 3888, 3906, 3913, 3914, 3920, 3939, 3947, 4031, 4112, 4285, 4286, 4292, 4294, 4328, 4330, 4541, 4852]",CNC1=CC=CC=C1CC,0.6556919341009545
"[0, 15, 296, 297, 340, 343, 380, 434, 443, 578, 589, 598, 604, 609, 664, 668, 676, 1145, 1192, 1786, 2130, 2217, 2261, 2305, 2432, 2434, 2443, 2546, 2854, 2974, 3080, 3148, 3199, 3348, 3368, 3398, 3401, 3429, 3439, 3454, 3533, 3590, 3595, 3659, 3670, 3680, 3681, 3708, 3721, 3732, 3739, 3740, 3743, 3749, 3750, 3751, 3772, 3781, 3820, 3872, 3883, 3913, 3914, 3918, 3937, 3955, 4043, 4079, 4192, 4286, 4330]",CNCCC(CC1)C1CC(=O)C2=CC=CC=C2Br,0.8125758995325512
"[207, 297, 330, 340, 361, 374, 437, 619, 1147, 1192, 1194, 2126, 2258, 2263, 2427, 2546, 2974, 3156, 3194, 3223, 3595, 3639, 3658, 3664, 3670, 3691, 3709, 3728, 3749, 3750, 3751, 3772, 3781, 3785, 3787, 3820, 3881, 3893, 3894, 3896, 3914, 3920, 3925, 3945, 4031, 4079, 4292]",CC(=O)C1COC(CN2CCN(CC3=CC=CC=C3Cl)CC2)O1,0.8184960288415506
"[0, 13, 26, 296, 297, 325, 340, 357, 434, 443, 503, 589, 604, 676, 1147, 1565, 1792, 1797, 2127, 2259, 2261, 2305, 2974, 3024, 3190, 3194, 3223, 3327, 3454, 3559, 3639, 3646, 3681, 3691, 3705, 3707, 3728, 3729, 3732, 3736, 3738, 3740, 3743, 3749, 3750, 3751, 3763, 3772, 3781, 3782, 3883, 3891, 3920, 3925, 3947, 4031, 4285, 4286, 4293, 4330, 4520, 4716, 4733]",NC(=O)C(CC1=CC=CC=C1)F,0.7180297595396504
"[24, 231, 296, 297, 340, 591, 604, 607, 609, 647, 668, 1451, 2258, 2261, 2666, 2974, 3024, 3158, 3206, 3223, 3282, 3368, 3414, 3429, 3559, 3595, 3616, 3648, 3658, 3670, 3681, 3691, 3705, 3709, 3728, 3739, 3740, 3749, 3750, 3756, 3762, 3774, 3785, 3787, 3881, 3920, 3925, 3936, 3942, 3955, 4066, 4079, 4177, 4253, 4330, 4580, 4763, 4842]",COC1=CC=C(Br)C=C1C(=O)N2CCNCC2CC,0.9260942938977521
"[0, 231, 296, 340, 361, 437, 587, 757, 1192, 1535, 1645, 2148, 2259, 2261, 2264, 2419, 2594, 3155, 3156, 3174, 3223, 3414, 3542, 3670, 3691, 3703, 3705, 3726, 3732, 3740, 3742, 3743, 3749, 3750, 3751, 3756, 3772, 3868, 3881, 3883, 3913, 3918, 3925, 3947, 3955, 4079, 4253, 4284, 4285, 4286, 4520]",C=1OCCCC=1C=CC=C(C2=CC=C(C)C=C2C=C=3)C=C=3,0.6920802838539524
"[0, 223, 231, 296, 297, 340, 343, 434, 443, 457, 503, 604, 619, 676, 1147, 1565, 1620, 2258, 2261, 2412, 2666, 2974, 3057, 3142, 3223, 3327, 3533, 3586, 3592, 3644, 3646, 3660, 3692, 3705, 3732, 3740, 3743, 3749, 3750, 3760, 3772, 3774, 3781, 3785, 3787, 3808, 3881, 3920, 3925, 3932, 3941, 3947, 3955, 3986, 4079, 4236, 4292, 4293, 4478, 4540, 4842]",CC1=CC=CC=C1N2CCC(CCO)OC2,0.8462210824219005
"[296, 297, 343, 374, 437, 475, 1147, 1192, 1451, 1785, 1792, 1795, 2190, 2305, 2443, 2546, 2974, 3024, 3080, 3223, 3407, 3598, 3639, 3700, 3705, 3728, 3736, 3740, 3749, 3750, 3751, 3762, 3772, 3774, 3778, 3781, 3786, 3868, 3883, 3925, 3942, 3955, 4031, 4079, 4236, 4292, 4330, 4530, 4716]",NC(=O)C1=CC=C(Br)C=C1Br,0.841734721598985
"[296, 340, 343, 345, 466, 604, 668, 677, 1143, 1147, 1565, 2261, 2694, 2948, 2974, 3088, 3162, 3223, 3381, 3639, 3670, 3681, 3691, 3692, 3702, 3732, 3739, 3740, 3749, 3756, 3758, 3772, 3780, 3781, 3785, 3820, 3881, 3883, 3913, 3916, 3920, 3925, 3936, 3941, 3956, 3997, 3999, 4005, 4079, 4292, 4328, 4728]",CC1=CC=CC=C1OCC2CCCCC2C,0.7384796683815323
"[0, 13, 231, 296, 297, 340, 396, 434, 437, 465, 466, 604, 607, 619, 646, 838, 1451, 1565, 2261, 2547, 2974, 3156, 3223, 3278, 3454, 3572, 3578, 3639, 3644, 3653, 3681, 3691, 3739, 3749, 3751, 3756, 3772, 3787, 3808, 3820, 3881, 3886, 3916, 3925, 3955, 4079, 4192, 4236, 4282, 4286, 4292, 4293, 4330, 4734]",C1C(C)CNCCN1C(=O)CC2=CC=CC=C2CC,0.8994564932864865
"[0, 296, 297, 340, 345, 346, 565, 604, 637, 646, 676, 1144, 1155, 1565, 1591, 1641, 1906, 2258, 2261, 2666, 2974, 3024, 3178, 3207, 3223, 3433, 3639, 3680, 3681, 3691, 3732, 3739, 3740, 3743, 3749, 3750, 3751, 3756, 3763, 3772, 3781, 3787, 3881, 3883, 3894, 3914, 3920, 3925, 3941, 3947, 4066, 4236, 4294, 4694]",N#CC1=CC=CC=C1N2C=CC=CC2=C,0.6868131204063135
"[0, 1, 296, 297, 340, 345, 365, 380, 437, 443, 604, 677, 1113, 1150, 1159, 1192, 1565, 1591, 1641, 1906, 2126, 2217, 2261, 2427, 2949, 2974, 3033, 3162, 3223, 3374, 3395, 3401, 3601, 3608, 3639, 3680, 3681, 3691, 3705, 3708, 3711, 3728, 3732, 3739, 3740, 3741, 3749, 3750, 3751, 3760, 3762, 3763, 3772, 3780, 3781, 3785, 3787, 3808, 3820, 3883, 3925, 3936, 4079, 4330, 4540, 4694, 4819]",O=C(N)CC1=CC=CC=C1Cl,0.7141575717968978
"[19, 340, 400, 443, 466, 604, 619, 646, 676, 1192, 1406, 1451, 1800, 1821, 2264, 2427, 2547, 2974, 3024, 3155, 3207, 3223, 3395, 3439, 3590, 3595, 3607, 3629, 3639, 3658, 3681, 3691, 3709, 3724, 3732, 3734, 3739, 3740, 3743, 3749, 3750, 3755, 3758, 3772, 3778, 3781, 3787, 3788, 3808, 3881, 3883, 3914, 3918, 3941, 4079, 4286, 4330]",O=C(CC1=CC=C(F)C=C1)N2CCC3(CC2)OCCO3,0.8273836063531089
"[231, 296, 297, 345, 367, 434, 437, 492, 550, 607, 609, 638, 668, 1498, 1565, 1644, 2261, 2546, 2974, 2980, 3156, 3223, 3592, 3607, 3639, 3658, 3660, 3681, 3691, 3700, 3705, 3709, 3711, 3740, 3743, 3749, 3750, 3751, 3756, 3762, 3764, 3772, 3781, 3820, 3881, 3883, 3914, 3925, 3939, 3954, 3955, 3956, 3999, 4112, 4192, 4260, 4280, 4292, 4330, 4350, 4751, 4809, 4852]",CNCCC1CCC=CC1=C,0.65117241373559
"[231, 296, 343, 443, 466, 550, 604, 607, 609, 668, 752, 1161, 1583, 1633, 1797, 2261, 2264, 2666, 2720, 2854, 2974, 2976, 3024, 3199, 3223, 3294, 3374, 3381, 3705, 3732, 3739, 3740, 3743, 3749, 3750, 3751, 3756, 3772, 3787, 3881, 3883, 3914, 3925, 3927, 3932, 4031, 4066, 4290, 4294, 4330, 4825]",C1OC=CC=C(N2CCN(CC3=CC=CC=C3)CC2)O1,0.8416468543929864
"[0, 296, 297, 340, 437, 550, 591, 604, 609, 620, 676, 1147, 1405, 2259, 2261, 2264, 2974, 3024, 3080, 3156, 3199, 3327, 3691, 3692, 3728, 3739, 3740, 3749, 3750, 3751, 3762, 3772, 3784, 3820, 3872, 3888, 3892, 3914, 3927, 3942, 3947, 3955, 3967, 3999, 4079, 4236, 4292, 4330, 4728, 4842]",O=C([O-1])C1CN(C2=CC=C(C)C=C2C3)C1=N3,0.6669459930401908
"[296, 297, 301, 340, 343, 361, 604, 668, 676, 838, 1147, 1192, 1535, 2259, 2261, 2671, 2948, 2974, 3148, 3155, 3223, 3406, 3454, 3568, 3590, 3639, 3647, 3658, 3681, 3700, 3705, 3732, 3739, 3749, 3750, 3751, 3772, 3776, 3787, 3820, 3868, 3883, 3888, 3894, 3925, 3941, 3947, 4079, 4192, 4236, 4293, 4301, 4330, 4716, 4828]",CNC1CCCC1C(=O)CC=C2CCCCC=C2F,0.8396602033961051
"[296, 297, 340, 505, 581, 619, 646, 676, 1192, 1405, 1633, 2261, 2547, 2948, 2974, 3057, 3156, 3223, 3282, 3374, 3389, 3584, 3639, 3646, 3681, 3691, 3705, 3709, 3716, 3728, 3732, 3739, 3741, 3750, 3762, 3772, 3778, 3781, 3784, 3787, 3820, 3872, 3881, 3893, 3925, 3942, 4079, 4236, 4294, 4852]",O=C(CC1=CC=CC=C=C1C)CC2CCC=C=C2C,0.6757302007211482
"[0, 340, 362, 382, 443, 589, 604, 607, 619, 620, 1159, 1203, 2126, 2149, 2192, 2258, 2261, 2710, 2974, 3024, 3155, 3223, 3395, 3407, 3414, 3433, 3547, 3559, 3590, 3595, 3599, 3705, 3711, 3717, 3728, 3739, 3740, 3749, 3751, 3772, 3781, 3787, 3868, 3881, 3914, 3920, 3925, 3942, 3945, 3947, 3955, 3983, 4031, 4079, 4174, 4204, 4267, 4328, 4694]",NC(=O)NCCC(OC)C=C=CCC=CCl,0.672278701554947
"[231, 296, 298, 437, 466, 604, 619, 668, 1565, 1785, 1795, 2258, 2261, 2264, 2546, 2948, 2974, 3160, 3223, 3401, 3547, 3559, 3605, 3639, 3653, 3691, 3703, 3728, 3739, 3740, 3741, 3743, 3749, 3750, 3751, 3755, 3756, 3772, 3787, 3883, 3925, 3944, 3955, 4079, 4080, 4253, 4285, 4330]",CC1=CC=C(Cl)C=C1CN2CCC(CC3CCC=C=C34)CC24,0.6845804321767105
"[0, 16, 112, 296, 297, 340, 343, 345, 437, 466, 620, 646, 653, 677, 1138, 1147, 1153, 1451, 1519, 2259, 2261, 2263, 2546, 2594, 2666, 2720, 2948, 3179, 3205, 3223, 3539, 3568, 3607, 3700, 3728, 3740, 3749, 3750, 3751, 3755, 3763, 3772, 3780, 3781, 3785, 3868, 3881, 3883, 3925, 3936, 3946, 3955, 4236, 4330]",COC(=O)C1=CC=C(Br)C=C1C2NCCCC2,0.8528729507043803
"[0, 19, 296, 297, 340, 382, 443, 466, 591, 604, 620, 668, 838, 1143, 1192, 1457, 1675, 1754, 2126, 2261, 2305, 2432, 2589, 2720, 2780, 2974, 3024, 3160, 3223, 3280, 3559, 3595, 3610, 3639, 3681, 3691, 3705, 3709, 3728, 3732, 3734, 3739, 3740, 3742, 3750, 3751, 3762, 3778, 3780, 3781, 3784, 3787, 3881, 3891, 3918, 3920, 3921, 3925, 3941, 3955, 4079, 4080, 4171, 4273, 4292, 4330, 4538, 4716]",C1C=CC2=C(C(=O)NCCC(CC#N)CCCC)CCCCC12,0.7081414931554504
"[0, 296, 340, 437, 479, 581, 609, 668, 1183, 1192, 1810, 2261, 2263, 3024, 3179, 3194, 3454, 3639, 3644, 3653, 3691, 3692, 3702, 3703, 3739, 3749, 3750, 3751, 3760, 3772, 3781, 3820, 3881, 3883, 3891, 3956, 3967, 3999, 4079, 4236, 4294, 4478, 4485, 4502, 4580, 4644, 4694, 4833, 4852]",C=1C=CC=CC=1NC(C)CC[O-1],0.7262060627915726
"[296, 297, 326, 340, 437, 457, 479, 604, 646, 668, 1641, 2261, 2594, 2948, 2974, 3156, 3223, 3280, 3368, 3393, 3395, 3454, 3639, 3660, 3661, 3705, 3711, 3728, 3749, 3750, 3751, 3772, 3781, 3784, 3888, 3891, 3913, 3925, 3941, 3955, 4066, 4079, 4330, 4812, 4842]",COC1CCCN1C(=O)C2=CC=C(Br)C=C2,0.8352525828698242
"[223, 296, 326, 345, 437, 581, 664, 668, 676, 1676, 2261, 2265, 2411, 2546, 2974, 3149, 3223, 3348, 3368, 3395, 3414, 3539, 3624, 3639, 3660, 3681, 3696, 3705, 3709, 3732, 3739, 3740, 3743, 3749, 3750, 3784, 3787, 3881, 3918, 3925, 3927, 3936, 3941, 4079, 4729]",CC1=CC=C(NC2CCCCC23)N=C13,0.6768440136408205
"[0, 297, 340, 343, 345, 434, 609, 621, 757, 838, 1565, 1795, 2217, 2258, 2264, 2305, 2427, 2546, 2974, 3024, 3178, 3223, 3294, 3368, 3401, 3454, 3547, 3646, 3691, 3702, 3732, 3739, 3740, 3749, 3751, 3756, 3763, 3772, 3780, 3788, 3881, 3883, 3913, 3925, 3936, 4080, 4282, 4293, 4556, 4735]",NC(=O)C1CCN(CCCC(C2=CC=CC=C2Cl)C)CC1,0.8749756471337286
"[0, 16, 24, 296, 343, 369, 619, 621, 676, 809, 838, 1192, 1217, 1426, 1451, 1644, 1653, 2261, 2413, 2720, 2948, 2974, 3080, 3156, 3407, 3454, 3580, 3595, 3607, 3670, 3700, 3705, 3709, 3711, 3728, 3732, 3739, 3740, 3743, 3749, 3755, 3756, 3762, 3772, 3781, 3872, 3881, 3883, 3914, 3925, 3933, 3936, 3937, 3941, 3955, 4031, 4079, 4260, 4292, 4330, 4753, 4842]",CC(=O)C1=CC=C(C)C=C1Br,0.6551060685179884
"[0, 296, 297, 330, 362, 429, 443, 466, 492, 607, 620, 664, 668, 1192, 1563, 1633, 1641, 1762, 2185, 2261, 2427, 2546, 2666, 2752, 2948, 2974, 3012, 3024, 3156, 3223, 3282, 3368, 3374, 3439, 3489, 3595, 3601, 3639, 3670, 3681, 3691, 3703, 3709, 3728, 3732, 3734, 3739, 3749, 3750, 3756, 3781, 3881, 3883, 3925, 3941, 4031, 4066, 4292, 4330, 4728, 4763]",COC1=CC=C(Br)C=C1C#N,0.7150647021784979
"[0, 132, 231, 296, 345, 434, 443, 475, 607, 638, 676, 1563, 1644, 1646, 1792, 2261, 2443, 2546, 2974, 3089, 3178, 3223, 3533, 3568, 3584, 3624, 3639, 3658, 3681, 3709, 3711, 3717, 3732, 3740, 3749, 3750, 3751, 3755, 3758, 3763, 3772, 3781, 3784, 3785, 3787, 3820, 3868, 3883, 3888, 3925, 3944, 3947, 3954, 3955, 3956, 3999, 4079]",OCCC1=C=C(C)C2CCCCC2=C3CC=C13,0.7149026412237725
"[0, 296, 298, 374, 437, 466, 565, 604, 638, 646, 668, 676, 1441, 1451, 1797, 2241, 2259, 2546, 2974, 3024, 3033, 3150, 3156, 3223, 3368, 3454, 3528, 3559, 3595, 3639, 3646, 3660, 3691, 3705, 3732, 3739, 3740, 3749, 3750, 3751, 3772, 3820, 3881, 3883, 3914, 3920, 3925, 3947, 3955, 3970, 4031, 4079, 4286, 4292, 4490, 4728]",CC1=CC=C(F)C=C1C(=O)N2CCOCC2(C)C,0.7666533993412029
"[0, 340, 345, 353, 396, 431, 437, 569, 589, 604, 668, 972, 1143, 1150, 1795, 2261, 2546, 2666, 2974, 3156, 3223, 3395, 3401, 3454, 3605, 3619, 3639, 3658, 3681, 3691, 3705, 3728, 3739, 3749, 3750, 3751, 3781, 3808, 3881, 3883, 3918, 3925, 3936, 3955, 4027, 4066, 4079, 4293, 4330]",COC1=CC=CC=C1CCC2CN(C)C3=CC4=CCCCC=C4C2=C3,0.8474574844852626
"[19, 33, 66, 296, 382, 400, 457, 495, 550, 604, 607, 619, 641, 664, 757, 1147, 1156, 1405, 1565, 2258, 2261, 2427, 2974, 3053, 3068, 3156, 3178, 3223, 3280, 3294, 3381, 3454, 3639, 3644, 3658, 3718, 3728, 3736, 3739, 3740, 3749, 3750, 3751, 3759, 3772, 3781, 3784, 3868, 3881, 3883, 3925, 3936, 3956, 3999, 4236, 4249, 4259, 4293, 4538, 4842]",O=C(CC)CCCC1=CC=CC=C1,0.6736875089903351
"[92, 296, 340, 343, 437, 443, 452, 604, 619, 620, 646, 677, 1641, 1786, 2020, 2263, 2546, 2702, 2974, 3024, 3155, 3162, 3359, 3403, 3407, 3454, 3559, 3607, 3609, 3619, 3629, 3639, 3658, 3670, 3680, 3681, 3691, 3705, 3709, 3729, 3732, 3734, 3739, 3740, 3743, 3749, 3751, 3756, 3772, 3780, 3787, 3883, 3914, 3918, 3920, 3925, 4031, 4079, 4192, 4330, 4551, 4590, 4842]",O=C(NC1=CC=C(Br)C=C1)N2CCC3(CC2)OCCO3,0.854648039336619
"[19, 297, 340, 343, 347, 361, 434, 503, 505, 619, 621, 668, 777, 1192, 1565, 1644, 1786, 1795, 2122, 2261, 2546, 2854, 2974, 2978, 3162, 3223, 3366, 3401, 3429, 3445, 3639, 3691, 3705, 3728, 3739, 3740, 3743, 3749, 3750, 3756, 3764, 3772, 3781, 3820, 3872, 3881, 3913, 3925, 3927, 3942, 3999, 4236, 4273, 4286, 4292, 4325, 4478, 4496, 4713, 4717, 4825]",CCC1=CC=CC=C1NC=CC2CCCCC=C2Cl,0.7663012665773657
"[0, 1, 112, 227, 231, 296, 297, 437, 475, 565, 604, 607, 620, 1280, 2258, 2546, 2666, 2711, 2974, 3024, 3156, 3223, 3403, 3407, 3414, 3429, 3454, 3584, 3595, 3639, 3659, 3664, 3670, 3702, 3703, 3739, 3749, 3772, 3778, 3781, 3787, 3820, 3881, 3883, 3888, 3918, 3925, 3936, 3947, 3955, 3967, 3999, 4079, 4273, 4285, 4286, 4330, 4728, 4842]",CC1=CC=C(Cl)C=C1NCCN(CC)C2CC2,0.833178024605912
"[0, 231, 297, 340, 353, 397, 581, 587, 604, 646, 668, 676, 1152, 1192, 1565, 1587, 1785, 1792, 1810, 2190, 2261, 2547, 2884, 2974, 3156, 3223, 3263, 3368, 3394, 3401, 3429, 3439, 3533, 3610, 3639, 3681, 3691, 3703, 3739, 3740, 3741, 3743, 3749, 3750, 3751, 3785, 3881, 3883, 3914, 3925, 3942, 3970, 4079, 4120, 4294, 4330, 4334, 4496, 4540]",CCC1=CC=CC=C1NC,0.6556919341009545
"[0, 1, 231, 297, 340, 343, 345, 346, 400, 434, 437, 505, 587, 609, 619, 653, 668, 676, 1192, 1466, 1620, 2150, 2261, 2546, 2854, 2974, 3156, 3223, 3227, 3280, 3368, 3401, 3439, 3442, 3559, 3590, 3639, 3660, 3691, 3708, 3732, 3736, 3740, 3741, 3743, 3749, 3750, 3751, 3763, 3772, 3781, 3820, 3872, 3881, 3883, 3888, 3914, 3942, 3956, 4079, 4716, 4852]",CC1=CC=C(Cl)C=C1OCCC2CCC=CC2=O,0.8230145382329004
"[16, 44, 296, 298, 340, 380, 434, 457, 609, 619, 1152, 1192, 1535, 1641, 2261, 2546, 2710, 2720, 2749, 2974, 3024, 3223, 3224, 3294, 3368, 3429, 3489, 3595, 3624, 3639, 3644, 3647, 3658, 3660, 3681, 3703, 3711, 3736, 3739, 3740, 3749, 3750, 3774, 3780, 3781, 3785, 3787, 3820, 3872, 3881, 3883, 3914, 3925, 3927, 3932, 3999, 4079, 4292, 4294, 4325]",NC(=O)C1CCOCC1CCC2=C=C=C(Br)C=C2,0.8109308456157982
"[296, 297, 343, 437, 547, 604, 621, 638, 676, 757, 1147, 1405, 1451, 1582, 1644, 1646, 1795, 2193, 2432, 2546, 2711, 2948, 2974, 3048, 3156, 3223, 3280, 3294, 3592, 3601, 3680, 3691, 3728, 3732, 3739, 3749, 3750, 3762, 3763, 3772, 3787, 3881, 3883, 3925, 3927, 3936, 3942, 3945, 3955, 4079, 4293, 4330, 4728]",O=C(O)C1CCCN1CCC=C=C(C2)C=C2,0.7347852970181885
"[0, 296, 299, 325, 340, 443, 587, 604, 668, 838, 1470, 1915, 1921, 2126, 2261, 2263, 2412, 2546, 2854, 2949, 2974, 2976, 3223, 3224, 3368, 3433, 3434, 3454, 3527, 3528, 3608, 3629, 3658, 3660, 3681, 3700, 3704, 3708, 3711, 3728, 3732, 3736, 3739, 3749, 3750, 3759, 3781, 3820, 3868, 3883, 3914, 3925, 3936, 3947, 4079, 4236, 4285, 4292, 4734]",CN1CCOCC1C(=O)NC2=CC=CC=C2Cl,0.8719445519292766
"[16, 296, 340, 346, 362, 382, 466, 503, 604, 609, 622, 668, 1192, 1785, 2259, 2261, 2305, 2443, 2546, 2547, 2672, 2720, 2854, 2974, 3024, 3178, 3199, 3223, 3454, 3639, 3691, 3728, 3732, 3739, 3740, 3749, 3750, 3751, 3755, 3756, 3763, 3772, 3775, 3781, 3784, 3787, 3805, 3868, 3881, 3883, 3925, 3955, 3999, 4025, 4079, 4121, 4253, 4286, 4330, 4540, 4694, 4716]",CC(C)C1=CC=C(C(=O)NCCN2CCOCC2)C3=C1C3,0.9115932411510507
"[0, 19, 296, 340, 375, 637, 1147, 1192, 1565, 2258, 2264, 2413, 2432, 2546, 2948, 2974, 3223, 3395, 3433, 3454, 3607, 3639, 3681, 3691, 3703, 3740, 3743, 3749, 3750, 3751, 3772, 3780, 3781, 3785, 3868, 3881, 3883, 3888, 3891, 3920, 3925, 3941, 3946, 3955, 4066, 4079, 4292, 4330, 4540]",O=C(C1=CC=CC=C1Br)CO,0.7608109681161839
"[0, 24, 296, 297, 340, 345, 382, 604, 620, 676, 1448, 1565, 1675, 1936, 2193, 2217, 2258, 2261, 2427, 2546, 2665, 2666, 2672, 2854, 3178, 3194, 3223, 3595, 3639, 3653, 3660, 3681, 3732, 3739, 3740, 3743, 3749, 3750, 3751, 3772, 3787, 3820, 3881, 3883, 3891, 3914, 3925, 3936, 3955, 4031, 4079, 4236, 4490, 4842]",N#CC1=CC=CC=C1NCCC,0.7364488682489121
"[0, 296, 297, 330, 340, 345, 346, 434, 437, 466, 604, 676, 1152, 1192, 1633, 1641, 2245, 2258, 2261, 2265, 2437, 2546, 2710, 2720, 2974, 2985, 3178, 3223, 3368, 3407, 3408, 3528, 3545, 3590, 3595, 3639, 3659, 3664, 3670, 3691, 3692, 3700, 3705, 3732, 3736, 3739, 3740, 3741, 3750, 3774, 3781, 3868, 3881, 3891, 3925, 3927, 3955, 3999, 4002, 4079, 4236, 4293, 4328, 4330, 4521, 4580, 4842]",N1C=CC=C1N2CCC=CC2=C,0.6674704660461174
"[0, 211, 297, 301, 340, 343, 345, 437, 443, 457, 503, 609, 668, 1147, 1795, 2259, 2418, 2546, 2666, 2710, 3012, 3024, 3206, 3223, 3401, 3454, 3559, 3568, 3595, 3639, 3670, 3728, 3732, 3739, 3743, 3749, 3750, 3751, 3762, 3771, 3772, 3781, 3787, 3881, 3883, 3914, 3925, 3936, 4002, 4079, 4236, 4285, 4292, 4293, 4330, 4664, 4812, 4842]",COC1=CC=C(Br)C=C1Br,0.7577781098003024
"[19, 296, 297, 301, 340, 343, 362, 443, 591, 604, 609, 668, 676, 785, 838, 1155, 1192, 1406, 1451, 1565, 2261, 2412, 2443, 2546, 2547, 2832, 2885, 2974, 3156, 3190, 3223, 3584, 3624, 3639, 3658, 3702, 3705, 3711, 3728, 3739, 3749, 3750, 3772, 3785, 3788, 3881, 3883, 3925, 3941, 3999, 4022, 4236, 4267, 4280, 4292, 4293, 4319, 4330, 4490, 4530]",CC1=CC(C)=CC=C1NC(=O)C2CCCCC23CCOCC3,0.8874818438341385
"[0, 296, 340, 382, 479, 495, 604, 607, 668, 1147, 1192, 2261, 2447, 2854, 2948, 2974, 3024, 3156, 3381, 3454, 3528, 3545, 3598, 3607, 3670, 3681, 3708, 3732, 3739, 3740, 3743, 3749, 3750, 3756, 3772, 3776, 3781, 3881, 3883, 3888, 3914, 3925, 4025, 4079, 4280, 4288, 4292, 4330, 4540, 4828]",C1C2=CC=C(O)C=C2C(=O)N3CCCCCC3O1,0.7647187596687595
"[24, 296, 297, 340, 345, 437, 604, 646, 668, 676, 1565, 1823, 2261, 2546, 2974, 3024, 3223, 3282, 3454, 3572, 3609, 3618, 3639, 3660, 3681, 3691, 3702, 3716, 3728, 3732, 3739, 3740, 3743, 3749, 3750, 3755, 3756, 3762, 3772, 3781, 3787, 3868, 3881, 3920, 3925, 3941, 3954, 4274, 4292, 4812]",CC1=CC=CC=C1CC2CCCCC2C,0.667990699540587
"[13, 188, 213, 217, 296, 340, 343, 620, 668, 821, 1155, 1192, 1565, 1810, 2258, 2261, 2546, 2885, 2948, 2974, 2976, 3012, 3024, 3033, 3156, 3206, 3381, 3394, 3631, 3667, 3696, 3705, 3709, 3711, 3728, 3739, 3743, 3749, 3751, 3755, 3762, 3763, 3772, 3780, 3781, 3785, 3787, 3881, 3883, 3893, 3914, 3920, 3925, 3955, 3999, 4079, 4694]",CC1=CC=CC=C1N(CC(=O)O)CCCC(N2CCC=3)CC2=3,0.8404023778765941
"[0, 231, 296, 297, 340, 400, 441, 443, 565, 604, 607, 620, 1147, 1192, 1535, 1563, 1797, 2261, 2974, 3024, 3206, 3207, 3223, 3395, 3439, 3639, 3670, 3681, 3691, 3700, 3705, 3708, 3728, 3729, 3739, 3740, 3749, 3750, 3751, 3756, 3772, 3781, 3881, 3883, 3891, 3904, 3914, 3941, 3956, 4018, 4066, 4174, 4287, 4293, 4540]",O=C(CC1=CC=CC=C1)N2CCNCC2C3CCCC=C3C=4C=C=4,0.8653691818960534
"[0, 213, 296, 340, 437, 466, 565, 604, 619, 624, 653, 668, 677, 838, 1153, 1203, 1641, 2261, 2427, 2546, 2949, 2974, 2976, 3156, 3178, 3223, 3280, 3352, 3374, 3407, 3433, 3454, 3559, 3595, 3639, 3680, 3705, 3715, 3732, 3736, 3739, 3740, 3743, 3749, 3750, 3772, 3774, 3820, 3881, 3883, 3894, 3914, 3925, 3941, 3942, 3955, 3999, 4052, 4079, 4201, 4236, 4285, 4478, 4485, 4540, 4842]",CCCCN(C(=O)NC1=CC=C(F)C=C1C)C2=C=C2,0.8018588497025737
"[0, 135, 296, 297, 298, 340, 343, 374, 434, 437, 443, 604, 619, 621, 646, 668, 676, 972, 1437, 1451, 1755, 2261, 2546, 2666, 2854, 2948, 2974, 3156, 3178, 3223, 3401, 3595, 3680, 3681, 3691, 3705, 3732, 3739, 3740, 3749, 3750, 3751, 3756, 3762, 3772, 3774, 3781, 3808, 3860, 3881, 3883, 3913, 3920, 3925, 3933, 3936, 3941, 3955, 3999, 4031, 4066, 4079, 4292, 4294, 4330, 4711]",COC1=CC=C(Br)C=C1NCCN(C)CC2CCCCC2,0.7855272155551927
"[0, 19, 231, 296, 297, 340, 343, 427, 503, 604, 646, 838, 1143, 1192, 1523, 2261, 2546, 2720, 2974, 3024, 3178, 3223, 3401, 3568, 3610, 3639, 3664, 3670, 3705, 3709, 3728, 3736, 3740, 3743, 3749, 3750, 3760, 3763, 3772, 3784, 3868, 3883, 3925, 3955, 3956, 4066, 4515, 4580]",CC1=CC=CC=C1C(=O)N2CCNC=C2CC,0.8451076742463685
"[231, 296, 299, 340, 343, 396, 604, 607, 646, 668, 838, 1145, 1565, 2261, 2546, 2547, 2594, 2974, 3024, 3156, 3401, 3639, 3658, 3660, 3664, 3702, 3728, 3732, 3739, 3740, 3749, 3750, 3751, 3762, 3772, 3787, 3868, 3881, 3883, 3888, 3906, 3920, 3925, 3941, 3945, 3947, 3955, 4004, 4066, 4079, 4236, 4330, 4383, 4515, 4734, 4810, 4819]",CC1=CC=CC=C1OCCN2CCOCC2CC,0.7999794756001435
"[0, 44, 297, 325, 340, 437, 443, 457, 475, 607, 668, 1144, 1262, 1451, 1723, 2151, 2259, 2261, 2547, 2948, 2974, 3199, 3223, 3401, 3520, 3536, 3585, 3595, 3639, 3658, 3660, 3670, 3691, 3732, 3739, 3740, 3749, 3750, 3751, 3762, 3781, 3785, 3787, 3820, 3881, 3883, 3920, 3925, 3942, 3945, 3955, 4031, 4045, 4079, 4265, 4292, 4330, 4538, 4556]",CC(=O)NCCC(CC)(O)C1=CC2=C(F)C=C1C=C2,0.7428861917908361
"[0, 19, 296, 340, 343, 345, 367, 457, 604, 1147, 1153, 1451, 2148, 2258, 2261, 2427, 2547, 2974, 3024, 3033, 3142, 3207, 3429, 3545, 3559, 3584, 3639, 3644, 3660, 3680, 3708, 3709, 3732, 3738, 3743, 3750, 3751, 3881, 3883, 3891, 3900, 3913, 3925, 3955, 3999, 4031, 4066, 4079, 4236, 4253, 4293]",O=C(C=CC1=CC2=CCC=CC=C2)[NH1]1,0.6647398460390724
"[0, 340, 361, 437, 443, 604, 628, 638, 668, 1153, 1617, 1669, 2261, 2546, 2711, 2974, 3223, 3280, 3282, 3368, 3454, 3559, 3595, 3610, 3644, 3658, 3660, 3681, 3692, 3700, 3703, 3728, 3732, 3739, 3740, 3749, 3772, 3781, 3820, 3881, 3883, 3892, 3914, 3941, 3955, 3999, 4079, 4236, 4260, 4292, 4294, 4590, 4694, 4769]",CCC1OCCN1C(=O)C2=CC=C(Br)C=C2O,0.9119432371176979
"[0, 296, 297, 340, 381, 441, 443, 565, 589, 668, 838, 1653, 2258, 2261, 2412, 2974, 3048, 3162, 3194, 3199, 3407, 3559, 3592, 3653, 3660, 3691, 3700, 3728, 3732, 3739, 3741, 3743, 3749, 3750, 3751, 3756, 3772, 3781, 3787, 3802, 3820, 3868, 3881, 3883, 3925, 3927, 3932, 3936, 3999, 4022, 4079, 4204, 4236, 4268, 4286, 4293, 4330, 4335, 4764, 4812, 4819]",CCC(OC1=CC=C(Br)C=C1O)C(=O)C2=CC=CO2,0.8499103003855228
"[0, 26, 296, 343, 443, 503, 591, 604, 609, 668, 1192, 1565, 2259, 2261, 2264, 2532, 2974, 3024, 3048, 3057, 3152, 3178, 3547, 3568, 3573, 3651, 3658, 3691, 3705, 3728, 3732, 3739, 3743, 3749, 3750, 3751, 3772, 3820, 3881, 3925, 3942, 3947, 3955, 4018, 4066, 4079, 4292, 4293, 4294, 4330, 4842, 4852]",CC1=CC=C(Br)C=C1NC2CCC3CCCCC3C2C,0.7223168221916629
"[296, 340, 396, 437, 465, 475, 604, 619, 668, 676, 678, 757, 1565, 1653, 1786, 2192, 2259, 2261, 2263, 2546, 2594, 2948, 2974, 3024, 3057, 3077, 3199, 3223, 3368, 3381, 3394, 3407, 3439, 3615, 3639, 3658, 3660, 3667, 3691, 3703, 3705, 3711, 3728, 3732, 3739, 3741, 3749, 3750, 3751, 3756, 3772, 3780, 3868, 3881, 3888, 3925, 3944, 3945, 3955, 3999, 4079, 4121, 4230, 4253, 4286, 4292, 4293, 4294, 4694, 4728, 4842]",CCOC1=CC=C(C)C=C1C#N,0.666136793463087
"[296, 340, 343, 443, 479, 604, 607, 619, 628, 637, 676, 757, 1147, 1153, 1192, 2259, 2261, 2594, 2948, 2974, 3012, 3024, 3223, 3294, 3368, 3384, 3401, 3549, 3609, 3624, 3639, 3660, 3680, 3681, 3709, 3718, 3728, 3732, 3740, 3749, 3750, 3755, 3772, 3780, 3784, 3820, 3881, 3883, 3886, 3896, 3925, 3955, 4079, 4080, 4286, 4293, 4328, 4828, 4842]",N#CC1=CC=CC(Br)=C1OCC(=O)C2CCCCC2,0.8458769400472981
"[296, 297, 340, 374, 434, 581, 589, 604, 609, 619, 646, 1615, 2261, 2720, 2974, 2978, 3156, 3223, 3374, 3401, 3414, 3545, 3567, 3573, 3629, 3639, 3659, 3660, 3708, 3709, 3736, 3739, 3740, 3749, 3750, 3751, 3772, 3781, 3881, 3883, 3914, 3925, 3947, 3955, 4052, 4079, 4236, 4330]",FCCN1CC2CN(CC3=CC=C(Br)C=C34)CC1=C24,0.8257327211728183
"[0, 296, 297, 301, 340, 343, 434, 581, 592, 604, 607, 619, 664, 668, 1786, 1787, 2259, 2261, 2263, 3057, 3155, 3223, 3401, 3407, 3439, 3639, 3659, 3732, 3739, 3740, 3743, 3749, 3751, 3755, 3772, 3781, 3785, 3820, 3868, 3881, 3883, 3888, 3955, 4018, 4031, 4079, 4263, 4292, 4330]",CNCCC(NC1=CC)=C(F)C=C1F,0.7289395525943931
"[0, 343, 345, 367, 437, 466, 604, 607, 637, 757, 809, 1217, 2261, 2443, 2546, 2710, 3223, 3374, 3607, 3658, 3691, 3705, 3706, 3728, 3739, 3740, 3743, 3750, 3752, 3762, 3772, 3778, 3787, 3820, 3881, 3883, 3893, 3894, 3914, 3925, 3936, 3955, 3999, 4066, 4079, 4080, 4236, 4258, 4260, 4263, 4293, 4294, 4330, 4658, 4842]",CC(=O)C1=CC=C(Br)C=C1Br,0.7192288436125693
"[231, 296, 297, 340, 604, 609, 646, 668, 1192, 2258, 2261, 2265, 2405, 3009, 3155, 3223, 3368, 3401, 3407, 3545, 3610, 3639, 3670, 3681, 3691, 3700, 3728, 3732, 3740, 3749, 3750, 3751, 3772, 3785, 3787, 3808, 3881, 3883, 3888, 3896, 3920, 3925, 3945, 3999, 4031, 4079, 4330]",N#CC1=CC=C(Br)C2=C1C(C)CCC2C,0.6840801874760568
"[296, 298, 340, 410, 629, 668, 676, 1147, 1641, 2259, 2261, 2546, 2694, 2974, 3156, 3223, 3294, 3407, 3454, 3595, 3660, 3681, 3696, 3711, 3732, 3739, 3740, 3741, 3749, 3750, 3772, 3781, 3820, 3881, 3925, 3955, 4280, 4330, 4540, 4842]",CC1=CC(Br)=CC=C1N2CCCC2C(C)CCCC,0.6859198438788676
"[55, 296, 340, 400, 466, 604, 619, 628, 637, 646, 668, 1405, 2258, 2411, 2432, 2443, 2546, 2710, 3033, 3223, 3381, 3395, 3407, 3559, 3584, 3595, 3608, 3639, 3646, 3647, 3659, 3701, 3705, 3709, 3728, 3732, 3739, 3743, 3749, 3751, 3772, 3781, 3820, 3868, 3881, 3883, 3913, 3914, 3925, 3933, 3947, 4005, 4027, 4066, 4079, 4121, 4292]",CC1=CC=C(Br)C=C1OCCN2CCCCC2,0.8415122264671554
"[66, 223, 296, 298, 325, 343, 412, 437, 443, 457, 581, 604, 620, 668, 1405, 1587, 1588, 1675, 2261, 2263, 2546, 2672, 2854, 2974, 3024, 3280, 3368, 3401, 3407, 3417, 3433, 3660, 3682, 3705, 3709, 3728, 3739, 3743, 3749, 3750, 3751, 3772, 3781, 3787, 3808, 3881, 3883, 3914, 3925, 3955, 4079, 4120, 4262, 4293, 4325, 4330, 4756]",CC1=CC=CC=C1C(=O)N(C)CCOC2CCCO2,0.817346584198201
"[231, 296, 297, 301, 367, 433, 550, 604, 637, 668, 1192, 1470, 1620, 1653, 1675, 1786, 2217, 2261, 2594, 2814, 2974, 3024, 3156, 3178, 3190, 3223, 3282, 3294, 3368, 3559, 3639, 3644, 3691, 3702, 3703, 3705, 3725, 3732, 3740, 3749, 3756, 3772, 3781, 3820, 3868, 3881, 3883, 3906, 3914, 3999, 4079, 4292, 4294, 4295]",COCC1CCN(C2CCN(C3=CC=C(Cl)C=C3C)C2)C=C1,0.8408398741200838
"[0, 19, 53, 97, 296, 297, 326, 345, 400, 457, 591, 604, 637, 1192, 1440, 1785, 1792, 1946, 2261, 2266, 2432, 2443, 2710, 2974, 3178, 3223, 3454, 3568, 3658, 3659, 3680, 3681, 3691, 3700, 3708, 3709, 3717, 3732, 3739, 3740, 3756, 3772, 3774, 3780, 3787, 3805, 3868, 3881, 3883, 3888, 3925, 3927, 3936, 4079, 4236, 4286, 4292, 4328, 4330, 4540, 4735]",O=C(CC1=CC=CBr)C=C1N2CCOC=C=C2O,0.7963866945072725
"[0, 296, 297, 340, 345, 367, 382, 437, 443, 457, 604, 607, 619, 646, 677, 1153, 1565, 1633, 2033, 2263, 2427, 2547, 2594, 2974, 2978, 3156, 3174, 3178, 3223, 3454, 3547, 3644, 3660, 3681, 3686, 3700, 3732, 3739, 3740, 3749, 3750, 3751, 3752, 3756, 3772, 3780, 3781, 3787, 3802, 3862, 3881, 3883, 3888, 3920, 3925, 3936, 4018, 4058, 4066, 4079, 4174, 4268, 4293, 4327, 4330, 4522, 4540]",N#CC1=CC=CC=C1NC=C,0.6895921842289745
"[112, 296, 297, 298, 343, 362, 434, 437, 457, 604, 619, 629, 668, 1192, 1646, 2261, 2263, 2666, 2720, 2974, 3148, 3178, 3223, 3294, 3559, 3573, 3639, 3691, 3705, 3726, 3736, 3739, 3740, 3743, 3749, 3751, 3772, 3781, 3820, 3868, 3881, 3883, 3896, 3913, 3941, 3955, 3967, 4058, 4079, 4294, 4330, 4498, 4540]",COC1=CC=C(Cl)C=C1C(=O)NCCC(C)CCC,0.8239435321446843
"[0, 19, 125, 223, 296, 340, 345, 434, 437, 441, 466, 604, 609, 619, 637, 676, 1405, 1519, 2261, 2439, 2546, 2854, 2974, 3024, 3049, 3223, 3348, 3381, 3454, 3568, 3629, 3639, 3681, 3691, 3728, 3732, 3740, 3749, 3750, 3751, 3756, 3762, 3772, 3881, 3893, 3913, 3920, 3925, 3927, 3955, 3986, 4058, 4079, 4236, 4267, 4285, 4286, 4330, 4734]",N#CC1=CC=CC=C1C(=O)NC2CNCCS2,0.8164206661480665
"[0, 66, 223, 296, 340, 345, 434, 457, 550, 619, 646, 668, 1172, 1641, 1795, 2259, 2261, 2307, 2949, 2974, 2978, 2982, 3024, 3048, 3057, 3223, 3294, 3327, 3401, 3454, 3489, 3595, 3639, 3653, 3700, 3703, 3743, 3749, 3750, 3751, 3772, 3781, 3787, 3808, 3868, 3881, 3883, 3893, 3925, 3937, 3999, 4079, 4253, 4287, 4328, 4499, 4530]",CN(C)C(=O)C(C1=CC=C(F)C=C1)C2CC=3OC2=3,0.8203842471625012
"[222, 296, 297, 343, 396, 434, 437, 620, 668, 677, 1153, 1192, 2136, 2546, 2666, 2720, 2948, 2974, 2985, 3024, 3162, 3223, 3338, 3454, 3559, 3639, 3661, 3680, 3691, 3705, 3724, 3732, 3739, 3740, 3743, 3749, 3750, 3751, 3762, 3772, 3820, 3868, 3881, 3883, 3920, 3925, 3941, 3955, 3956, 3999, 4027, 4079, 4280, 4285, 4330, 4396, 4728]",COC1=CC=CC(O)=C1CCC2CCCCCC2=O,0.8449102688964942
"[0, 296, 340, 345, 347, 412, 437, 466, 604, 609, 668, 838, 1192, 2258, 2666, 2711, 2974, 3223, 3327, 3401, 3590, 3616, 3659, 3660, 3691, 3705, 3728, 3732, 3749, 3750, 3751, 3772, 3781, 3787, 3808, 3868, 3881, 3883, 3914, 3941, 3955, 3956, 3999, 4079, 4268, 4285, 4292, 4330, 4502, 4515, 4842]",COC1=CC=C(C)C=C1C(=O)N2CCCCC2,0.7855430773109063
"[0, 296, 297, 340, 343, 400, 412, 553, 620, 668, 1565, 1786, 2258, 2261, 2427, 2974, 3156, 3157, 3223, 3280, 3395, 3429, 3595, 3639, 3644, 3681, 3691, 3708, 3709, 3724, 3728, 3729, 3732, 3739, 3740, 3750, 3751, 3772, 3787, 3820, 3868, 3881, 3883, 3913, 3920, 3925, 3941, 3955, 3999, 4079, 4286, 4292, 4294, 4325]",CC1=NCC=C1C2CCCN(CC3=CC=CC=C3C=4)CC2=4,0.7645923368689186
"[296, 297, 340, 343, 374, 434, 437, 465, 604, 838, 1144, 1153, 1641, 1848, 2217, 2547, 2974, 3156, 3223, 3327, 3359, 3395, 3401, 3545, 3595, 3618, 3639, 3703, 3705, 3717, 3721, 3732, 3739, 3743, 3749, 3750, 3751, 3772, 3774, 3780, 3787, 3808, 3820, 3881, 3883, 3893, 3925, 3927, 3944, 3999, 4079, 4192, 4236, 4265, 4285, 4286, 4293, 4295, 4330, 4335, 4728]",CC1CCCCN1C(=O)C2=CC=C(N3)C=C23,0.7945749710960682
"[0, 296, 303, 340, 343, 361, 374, 604, 609, 646, 668, 1437, 1641, 2258, 2261, 2672, 2974, 2980, 3156, 3178, 3280, 3335, 3374, 3639, 3660, 3670, 3691, 3703, 3705, 3706, 3732, 3749, 3750, 3751, 3772, 3774, 3780, 3881, 3883, 3906, 3920, 3925, 3941, 3955, 3970, 4003, 4064, 4066, 4079, 4174, 4236, 4330, 4833, 4842]",C1CC2CCCN2C3CCN(C4=CC=C(Cl)C=C4C)C3C1,0.765321293960197
"[13, 24, 135, 296, 340, 343, 345, 466, 503, 581, 607, 620, 668, 681, 1470, 2261, 2263, 2547, 2854, 2884, 2974, 3073, 3120, 3156, 3223, 3294, 3545, 3595, 3639, 3732, 3740, 3749, 3750, 3751, 3756, 3772, 3781, 3808, 3872, 3881, 3883, 3891, 3913, 3914, 3925, 4018, 4079, 4236, 4286, 4556, 4716]",CN(C)C=CCC=C(Br)CC,0.7001441398533639
"[0, 1, 19, 296, 297, 340, 475, 550, 619, 682, 1192, 1535, 1563, 1615, 1644, 2261, 2264, 2432, 2597, 2650, 2710, 2854, 2974, 3194, 3223, 3439, 3573, 3639, 3658, 3691, 3703, 3705, 3707, 3709, 3711, 3732, 3739, 3772, 3883, 3888, 3925, 3927, 3955, 3999, 4063, 4066, 4079, 4540, 4694, 4828]",O=C(C1=CC=CC=C1)CCC2CCCCCC2O,0.6508580393256354
"[0, 55, 298, 326, 340, 382, 434, 437, 452, 591, 619, 620, 668, 1565, 2259, 2261, 2666, 2974, 2976, 3152, 3223, 3429, 3528, 3592, 3660, 3680, 3681, 3739, 3743, 3750, 3751, 3759, 3772, 3781, 3868, 3881, 3891, 3920, 3925, 3941, 3946, 3955, 4031, 4066, 4079, 4236, 4285, 4291, 4330]",COC1=CC=C(F)C=C1CN2CCNC2=O,0.8418402771391782
"[0, 91, 132, 296, 297, 340, 345, 362, 409, 437, 604, 619, 646, 668, 1155, 1192, 2974, 3162, 3348, 3386, 3401, 3411, 3619, 3639, 3646, 3681, 3691, 3703, 3705, 3732, 3739, 3741, 3749, 3752, 3755, 3762, 3772, 3781, 3787, 3820, 3868, 3883, 3914, 3918, 3925, 3932, 3942, 3954, 3955, 3999, 4031, 4066, 4079]",CN(C)CCN1CCCC1C2=CC=CC(Cl)=C2,0.8128892336427774
"[227, 296, 297, 298, 340, 382, 386, 434, 443, 609, 619, 1563, 1565, 2258, 2265, 2427, 2949, 2974, 3151, 3156, 3223, 3280, 3360, 3374, 3559, 3573, 3605, 3607, 3660, 3709, 3728, 3732, 3739, 3749, 3750, 3751, 3762, 3772, 3774, 3781, 3785, 3787, 3820, 3868, 3881, 3883, 3925, 3936, 3947, 3955, 3999, 4031, 4079, 4267, 4292, 4293, 4330, 4556]",FC=CC1=CCCCC=C1CN2CCC(CC3=CC=CC=C3C=4)CC2=4,0.6729793729515454
"[0, 223, 380, 437, 503, 607, 668, 1147, 1152, 1153, 1203, 1405, 1453, 1565, 1786, 2261, 2547, 2666, 2974, 2976, 3056, 3080, 3223, 3336, 3454, 3660, 3681, 3692, 3705, 3709, 3732, 3739, 3740, 3741, 3749, 3750, 3751, 3759, 3762, 3774, 3780, 3781, 3787, 3788, 3820, 3865, 3881, 3883, 3892, 3914, 3925, 3937, 3941, 3942, 3945, 3999, 4052, 4079, 4112, 4253, 4292, 4330, 4515, 4556]",COC1=CC=C(Cl)C=C1Br,0.7079593222306657
"[0, 296, 297, 325, 340, 400, 443, 465, 466, 503, 628, 664, 2217, 2258, 2259, 2261, 3057, 3194, 3223, 3368, 3401, 3739, 3740, 3749, 3750, 3751, 3772, 3781, 3802, 3868, 3881, 3883, 3955, 3999, 4031, 4079, 4208, 4280, 4286, 4292, 4293, 4330, 4694, 4728]",C1CCCC1NCC2=NN=C(C3=CC=C(F)C=C3)O2,0.9190112093875645
"[0, 296, 297, 340, 343, 345, 412, 434, 437, 443, 581, 604, 619, 668, 838, 1147, 1192, 1451, 1785, 1795, 2261, 2411, 2546, 2666, 2710, 3148, 3223, 3294, 3374, 3429, 3527, 3542, 3547, 3584, 3601, 3639, 3658, 3691, 3709, 3732, 3739, 3740, 3749, 3750, 3756, 3772, 3774, 3781, 3808, 3868, 3881, 3888, 3920, 3925, 3955, 3956, 4052, 4079, 4236]",COC1CCCCN1C(=O)CC2=CC=C(Br)C=C2,0.8586048596064815
"[0, 125, 296, 297, 343, 346, 386, 434, 437, 607, 619, 676, 1153, 1157, 1192, 1565, 2259, 2305, 2411, 2547, 2948, 3048, 3138, 3223, 3280, 3294, 3401, 3454, 3595, 3670, 3681, 3691, 3700, 3703, 3705, 3711, 3728, 3732, 3739, 3749, 3750, 3751, 3787, 3881, 3883, 3925, 3927, 3936, 3941, 3954, 4280, 4286, 4325, 4330, 4540]",NC(=O)C1CCCCC1CCC2=CC=CC=C2CC=C=C=C=C=C,0.7822414129935115
"[16, 296, 297, 340, 345, 400, 437, 466, 475, 503, 550, 589, 604, 619, 838, 1143, 1152, 1405, 1724, 1749, 1795, 2259, 2261, 2974, 3178, 3223, 3282, 3439, 3598, 3607, 3646, 3658, 3660, 3670, 3702, 3705, 3709, 3728, 3732, 3739, 3740, 3750, 3751, 3756, 3772, 3780, 3781, 3785, 3787, 3820, 3881, 3883, 3914, 3925, 3927, 3936, 3955, 3999, 4031, 4079, 4204, 4249, 4292, 4294, 4530, 4540]",N#CC1=CC=C(C)C=C1C(=O)NCCN2CCCCC23CC3,0.9291548584513843
"[13, 53, 297, 299, 340, 345, 443, 457, 587, 607, 609, 619, 1147, 1192, 1563, 2261, 2427, 2974, 3223, 3294, 3327, 3368, 3670, 3680, 3681, 3691, 3703, 3736, 3739, 3741, 3743, 3749, 3750, 3751, 3756, 3772, 3781, 3786, 3787, 3820, 3881, 3883, 3888, 3925, 3936, 3942, 4018, 4031, 4079, 4192, 4236, 4285, 4286, 4293, 4330, 4499, 4530, 4590, 4716, 4750, 4842]",O=C(CC)NCC(CCCC)=O,0.6538407613879084
"[0, 231, 296, 297, 340, 343, 443, 465, 466, 492, 581, 604, 757, 1152, 1405, 1583, 1653, 1810, 1944, 2258, 2259, 2261, 2305, 2432, 2672, 2832, 3024, 3048, 3077, 3152, 3223, 3407, 3454, 3549, 3559, 3605, 3607, 3639, 3658, 3691, 3696, 3708, 3720, 3732, 3739, 3740, 3743, 3749, 3750, 3751, 3772, 3780, 3781, 3881, 3883, 3893, 3925, 4004, 4063, 4066, 4079, 4291, 4319, 4330]",CCC1=CC=C(C(=O)NCCN2CCOCC2)C=C1Br,0.8916204084113497
"[0, 297, 301, 340, 381, 437, 587, 604, 607, 676, 1161, 1405, 1588, 1821, 2258, 2261, 2412, 2413, 2666, 2974, 3024, 3149, 3206, 3223, 3395, 3595, 3608, 3653, 3658, 3691, 3703, 3705, 3728, 3732, 3740, 3749, 3750, 3755, 3756, 3772, 3780, 3781, 3881, 3883, 3925, 3932, 3941, 4018, 4079, 4286, 4293, 4294, 4330, 4540]",CCC1=CC=CC=C1CC2CCCC(C(=O)C)CC2,0.7225807388093205
"[32, 296, 340, 343, 437, 604, 609, 620, 668, 1933, 2259, 2720, 2948, 2974, 3223, 3282, 3433, 3435, 3454, 3559, 3639, 3667, 3670, 3681, 3703, 3740, 3743, 3749, 3750, 3751, 3756, 3772, 3781, 3881, 3883, 3925, 3941, 3999, 4079, 4292, 4330, 4393, 4852]",CC1=CC=C(O)C=C1C(=O)N2CCNC=C2,0.744772596762292
"[0, 296, 325, 340, 374, 380, 382, 437, 620, 653, 668, 1145, 1153, 1454, 2258, 2259, 2261, 2264, 2434, 2854, 2974, 3223, 3294, 3545, 3559, 3592, 3691, 3705, 3709, 3728, 3734, 3739, 3740, 3749, 3750, 3752, 3762, 3772, 3781, 3868, 3881, 3883, 3925, 3941, 3955, 3999, 4003, 4253, 4292, 4293, 4330, 4515, 4716, 4842]",CNC=CC1CCC=CC=C1Br,0.765631096950355
"[132, 296, 340, 343, 437, 443, 503, 604, 637, 676, 1147, 1615, 2261, 2546, 2710, 2948, 2974, 3024, 3178, 3223, 3395, 3401, 3454, 3568, 3595, 3639, 3681, 3691, 3700, 3703, 3705, 3711, 3736, 3739, 3740, 3743, 3749, 3750, 3772, 3780, 3781, 3782, 3820, 3881, 3883, 3893, 3920, 3936, 3939, 3947, 3955, 3999, 4031, 4066, 4079, 4112, 4236, 4284, 4285, 4292, 4540, 4694]",O=C(CC1=CC=C(Br)C=C1Br)N2CCCCC2=O,0.7959416870499519
"[0, 231, 296, 340, 374, 466, 591, 604, 607, 637, 668, 676, 1563, 1565, 1620, 1644, 1792, 2261, 2264, 2442, 2547, 2948, 2974, 3081, 3153, 3156, 3178, 3223, 3401, 3439, 3568, 3608, 3631, 3639, 3670, 3681, 3691, 3709, 3712, 3739, 3740, 3749, 3750, 3751, 3756, 3772, 3781, 3787, 3881, 3920, 3925, 3932, 3941, 3942, 3955, 4031, 4204, 4236, 4290, 4292, 4330, 4540, 4745, 4842]",CC1=CC=CC=C1NCCN(CCC2=O)CC2,0.8622448884171904
"[0, 340, 400, 437, 443, 565, 604, 609, 619, 1641, 1800, 2263, 2266, 2546, 2710, 2948, 2974, 3024, 3156, 3223, 3368, 3401, 3407, 3545, 3598, 3618, 3629, 3639, 3674, 3691, 3703, 3705, 3709, 3711, 3739, 3740, 3743, 3749, 3750, 3756, 3772, 3780, 3781, 3802, 3881, 3883, 3914, 3920, 3925, 3955, 3999, 4022, 4076, 4293, 4396, 4478, 4540, 4590]",O=C(CC1=CC=C(O)C=C1)N2CCC(CCC3=CC4=C(C)C=C35)CC245,0.8914904067109496
"[0, 296, 297, 340, 343, 346, 367, 646, 668, 1143, 1797, 2258, 2261, 2411, 2694, 2948, 2974, 3150, 3156, 3162, 3223, 3282, 3401, 3433, 3528, 3586, 3626, 3670, 3705, 3732, 3739, 3740, 3750, 3751, 3772, 3781, 3785, 3787, 3868, 3881, 3883, 3914, 3925, 3941, 3955, 3956, 3999, 4052, 4079, 4258, 4292, 4293, 4294, 4330, 4609, 4728, 4812, 4842]",CC1=CC=C(Br)C=C1Br,0.660258515498172
"[24, 296, 343, 437, 604, 1145, 1192, 1587, 1810, 2258, 2261, 2418, 2666, 2672, 2974, 3223, 3401, 3407, 3454, 3533, 3639, 3691, 3729, 3732, 3739, 3743, 3749, 3750, 3751, 3758, 3762, 3772, 3780, 3781, 3787, 3868, 3881, 3883, 3920, 3925, 3939, 3955, 4025, 4079, 4286, 4294, 4330, 4502, 4609, 4823, 4842]",COC1=CC=CC=C1C(=O)N2CCCCC2C[O-1],0.803098784869663
"[0, 16, 297, 326, 340, 343, 367, 382, 495, 604, 619, 668, 838, 1192, 1565, 1792, 2261, 2411, 2443, 2720, 2974, 3024, 3178, 3223, 3401, 3489, 3624, 3639, 3647, 3659, 3728, 3732, 3739, 3749, 3750, 3751, 3772, 3781, 3820, 3868, 3881, 3883, 3913, 3920, 3925, 3936, 3967, 4066, 4236, 4286, 4293, 4694, 4852]",CC1=C(Br)C=CC=C1NC(=O)N2CCOCC23CCCCC3,0.8030992215389422
"[15, 296, 340, 604, 619, 662, 676, 677, 1012, 1147, 1192, 1404, 1641, 1644, 1749, 2261, 2263, 2432, 2546, 2948, 2974, 2976, 3223, 3280, 3407, 3409, 3433, 3454, 3646, 3691, 3705, 3728, 3732, 3739, 3749, 3750, 3772, 3781, 3881, 3894, 3920, 3925, 3936, 3942, 3955, 4079, 4108, 4192, 4204, 4236, 4292, 4293, 4716]",N#CC1=CC=C(CC2CC=C(N)CCC(C)CCCC)C2=C1,0.7304788411052471
"[0, 33, 296, 297, 340, 374, 431, 434, 437, 466, 604, 653, 1535, 1563, 1565, 1633, 1644, 1906, 2149, 2259, 2261, 2854, 2948, 2974, 3199, 3221, 3406, 3454, 3590, 3595, 3639, 3656, 3691, 3721, 3739, 3740, 3741, 3749, 3750, 3756, 3776, 3785, 3881, 3883, 3891, 3925, 3933, 3937, 3956, 3967, 4031, 4079, 4285, 4286, 4293, 4330, 4664, 4812, 4842]",OC1(C2=CC=CC=C2)C(C)=CC=CC=C1,0.7352031400860035
"[0, 340, 343, 604, 646, 757, 1405, 1599, 1641, 1795, 2258, 2259, 2261, 2546, 2720, 2854, 2948, 3024, 3223, 3401, 3595, 3607, 3728, 3732, 3739, 3740, 3743, 3749, 3750, 3755, 3756, 3772, 3781, 3784, 3787, 3820, 3881, 3883, 3918, 3955, 3999, 4031, 4066, 4079, 4325, 4330]",O=C(C1=CC=C(F)C=C1Cl)CC2CCCCC2=O,0.7813674479207317
"[296, 340, 434, 443, 479, 503, 607, 676, 1633, 1644, 1653, 1797, 2258, 2259, 2264, 2702, 2832, 3156, 3223, 3282, 3327, 3368, 3454, 3533, 3590, 3639, 3646, 3664, 3681, 3691, 3728, 3732, 3736, 3740, 3741, 3749, 3750, 3762, 3771, 3772, 3785, 3787, 3820, 3868, 3881, 3883, 3918, 3920, 3933, 4031, 4079, 4192, 4274, 4292, 4328, 4330, 4540, 4852]",O=C(NC1=CC=C(Cl)C=C1)N2CCOCC23CC3,0.8491980466883944
"[0, 66, 296, 340, 345, 437, 443, 503, 604, 609, 646, 647, 668, 1150, 1451, 2258, 2261, 2264, 2694, 2974, 3012, 3152, 3223, 3282, 3381, 3413, 3595, 3607, 3653, 3681, 3691, 3700, 3728, 3732, 3736, 3740, 3750, 3751, 3755, 3759, 3772, 3781, 3787, 3881, 3883, 3893, 3894, 3914, 3925, 3936, 3946, 3947, 3955, 3988, 4079, 4280, 4292, 4293, 4330, 4691]",N=1C=CC=CC(OCC(=O)C2CCCCCC2)=C=1,0.7134221448572283
"[0, 227, 296, 297, 340, 382, 604, 620, 646, 664, 677, 838, 1145, 1633, 1641, 1646, 2261, 2412, 2948, 2974, 2978, 3077, 3080, 3401, 3571, 3608, 3639, 3659, 3680, 3691, 3709, 3743, 3749, 3750, 3751, 3772, 3787, 3808, 3868, 3874, 3881, 3883, 3914, 3925, 3986, 3999, 4002, 4079, 4121, 4236, 4273, 4286, 4330, 4658, 4664]",N1C(CO)C2=CC=C(NC3=CC=CC=C3N4CCOCC45C)C521,0.7283422364775862
"[0, 1, 296, 340, 343, 437, 466, 581, 604, 676, 838, 1147, 1192, 1641, 1651, 1653, 2150, 2258, 2261, 2854, 2974, 2980, 2985, 3024, 3120, 3152, 3178, 3223, 3368, 3392, 3401, 3413, 3577, 3595, 3639, 3647, 3658, 3670, 3681, 3691, 3700, 3705, 3711, 3718, 3728, 3732, 3736, 3740, 3749, 3750, 3751, 3762, 3772, 3881, 3883, 3913, 3914, 3925, 3927, 3935, 4079, 4852]",N1C=CC=C1CC2C=CC=C2CC3CCCCC3C,0.7884330937735584
"[0, 15, 296, 340, 565, 607, 1147, 1159, 1466, 1563, 1565, 1587, 1644, 1653, 1936, 2261, 2264, 2546, 2594, 2867, 2974, 2978, 3009, 3053, 3178, 3181, 3194, 3223, 3282, 3348, 3401, 3454, 3639, 3653, 3658, 3670, 3702, 3728, 3729, 3739, 3740, 3749, 3750, 3751, 3756, 3772, 3781, 3868, 3881, 3883, 3888, 3925, 3932, 3954, 3955, 4079, 4292, 4330, 4540, 4769]",C=1C=CC=CC=1CC(CC[NH1])=O,0.6605276947138716
"[340, 432, 434, 437, 443, 565, 584, 607, 647, 668, 676, 838, 1797, 2261, 2546, 2666, 2694, 2711, 2974, 3048, 3053, 3178, 3223, 3282, 3381, 3590, 3592, 3595, 3599, 3639, 3644, 3646, 3647, 3681, 3691, 3728, 3732, 3739, 3749, 3750, 3756, 3772, 3785, 3868, 3881, 3883, 3925, 3927, 3942, 3955, 3986, 3999, 4079, 4286, 4293, 4330, 4842]",COC1=CC=C(C)C=C1CN2CCNCC2C=CC3=C=C3,0.8395392531146427
"[0, 223, 296, 297, 340, 345, 386, 434, 437, 443, 503, 581, 605, 668, 972, 1147, 2261, 2263, 2547, 2974, 3057, 3156, 3327, 3381, 3407, 3639, 3653, 3660, 3700, 3703, 3705, 3709, 3711, 3728, 3732, 3736, 3739, 3740, 3749, 3750, 3751, 3752, 3755, 3756, 3772, 3776, 3781, 3784, 3785, 3787, 3881, 3883, 3892, 3925, 3936, 3955, 4079, 4236, 4327, 4330, 4716]",CNC(=O)C(C1CCCCC1)CCCC=2C=C=2,0.7013133687878078
"[0, 19, 296, 340, 363, 429, 550, 604, 607, 619, 838, 1192, 1405, 1470, 1906, 2261, 2546, 2594, 2974, 3024, 3155, 3156, 3178, 3199, 3223, 3368, 3381, 3401, 3409, 3433, 3595, 3639, 3680, 3681, 3691, 3705, 3709, 3711, 3712, 3749, 3750, 3751, 3772, 3781, 3868, 3881, 3883, 3925, 3936, 3942, 3944, 3955, 3999, 4079, 4253, 4280, 4292, 4515]",C1C2=CC=CC=C2C=CC=C1NCCC(CCC)=O,0.8427449070777973
"[0, 33, 231, 296, 340, 374, 382, 457, 465, 604, 619, 668, 757, 1150, 1192, 1723, 2261, 2263, 2546, 2694, 2711, 2974, 3223, 3639, 3681, 3691, 3708, 3728, 3732, 3739, 3740, 3743, 3749, 3750, 3756, 3772, 3781, 3868, 3881, 3883, 3891, 3914, 3936, 3941, 4004, 4027, 4066, 4079, 4174, 4292, 4330, 4407, 4540, 4580, 4763, 4842, 4855]",CC1=CC=CC=C1OCC(=O)NCC2CCCCCC2CC,0.8036238946975416
"[0, 188, 296, 297, 325, 340, 343, 381, 400, 443, 604, 637, 676, 1147, 1641, 1653, 2259, 2261, 2411, 2434, 2546, 2597, 2666, 2974, 3009, 3223, 3294, 3454, 3595, 3659, 3691, 3700, 3718, 3732, 3739, 3740, 3743, 3749, 3751, 3752, 3762, 3772, 3775, 3781, 3787, 3788, 3881, 3883, 3925, 3936, 4079, 4292, 4556, 4852]",CCC1=CC=C(C2NCCCC2CCCC)C=C=C1,0.7133636216029045
"[19, 296, 340, 343, 345, 434, 441, 443, 604, 607, 620, 668, 676, 923, 1147, 1568, 1653, 2258, 2261, 2262, 2263, 2546, 2694, 2974, 3178, 3206, 3282, 3294, 3335, 3454, 3545, 3639, 3644, 3658, 3681, 3691, 3692, 3700, 3705, 3726, 3728, 3732, 3739, 3743, 3749, 3750, 3756, 3763, 3772, 3781, 3787, 3883, 3918, 3925, 3936, 3954, 3990, 3999, 4019, 4031, 4079, 4187, 4293, 4330, 4515, 4538, 4810]",CNCCC(CCCC1=O)C=C1,0.6901882756505708
"[0, 17, 296, 297, 340, 343, 581, 619, 668, 838, 1405, 1646, 2258, 2259, 2263, 2413, 2443, 2546, 2720, 2854, 2948, 2974, 2976, 3157, 3178, 3223, 3433, 3454, 3545, 3681, 3682, 3705, 3711, 3739, 3740, 3741, 3749, 3750, 3751, 3772, 3780, 3881, 3913, 3920, 3925, 3955, 3999, 4079, 4236, 4330]",CSCCC(CN)NC(=O)C1=CC=C(Br)C=C1Br,0.777731334079169
"[0, 296, 297, 340, 343, 386, 457, 619, 668, 757, 838, 1145, 1426, 1565, 2564, 2666, 2854, 2974, 3150, 3223, 3294, 3454, 3639, 3660, 3661, 3667, 3705, 3708, 3728, 3732, 3739, 3740, 3741, 3743, 3749, 3751, 3756, 3772, 3775, 3776, 3883, 3925, 3936, 3947, 3999, 4003, 4079, 4285, 4286, 4330, 4716, 4750]",COC1=CC=CC=C1C(=O)N(C)CCC2CCCCC23CC3,0.8181931548834347
"[15, 296, 297, 340, 380, 587, 604, 646, 676, 1153, 1405, 1451, 1795, 2261, 2546, 2694, 2948, 2974, 3024, 3150, 3156, 3223, 3368, 3639, 3660, 3670, 3681, 3709, 3711, 3721, 3732, 3740, 3749, 3750, 3751, 3752, 3772, 3774, 3780, 3781, 3782, 3787, 3820, 3881, 3883, 3925, 3933, 3936, 4022, 4079, 4080, 4280, 4330, 4540, 4716, 4812]",O=C(C1=CC=C(Br)C=C1N2CC3O)C4C2CC34,0.793392422596657
"[0, 13, 374, 382, 434, 437, 452, 492, 503, 604, 628, 1147, 1641, 2261, 2305, 2594, 2666, 2720, 2974, 2978, 3206, 3223, 3374, 3401, 3407, 3598, 3639, 3646, 3681, 3691, 3703, 3709, 3711, 3728, 3732, 3736, 3739, 3743, 3749, 3750, 3751, 3756, 3772, 3780, 3781, 3785, 3787, 3808, 3868, 3881, 3883, 3914, 3920, 3944, 3999, 4031, 4080, 4204, 4253, 4268, 4292, 4330, 4819, 4828, 4842]",COC1=CC=CC(=C1)C(CC)CCC#N,0.7334375012639153
"[0, 66, 296, 297, 340, 345, 374, 443, 620, 628, 646, 668, 1147, 1149, 1641, 1797, 2201, 2258, 2261, 2546, 2974, 3223, 3368, 3454, 3559, 3599, 3610, 3639, 3653, 3681, 3705, 3729, 3732, 3739, 3740, 3743, 3749, 3750, 3751, 3762, 3820, 3881, 3883, 3891, 3918, 3925, 3941, 3947, 3956, 3999, 4288, 4327, 4330, 4728, 4812]",CN1CCCC1COC2=CC=C(Cl)C=C2Cl,0.8246713293650384
"[24, 32, 296, 340, 343, 345, 374, 400, 437, 443, 646, 668, 678, 706, 1644, 2261, 2263, 2432, 2666, 2974, 3024, 3152, 3155, 3156, 3223, 3433, 3439, 3454, 3519, 3528, 3639, 3691, 3702, 3705, 3709, 3715, 3728, 3732, 3739, 3740, 3749, 3750, 3752, 3756, 3762, 3772, 3781, 3784, 3787, 3820, 3881, 3883, 3913, 3920, 3925, 4031, 4236, 4291, 4292, 4330, 4694]",COC1=CC=C(Br)C=C1Br,0.7577781098003024
"[231, 296, 297, 340, 345, 353, 386, 604, 668, 1192, 1535, 2261, 2594, 2974, 3207, 3223, 3381, 3395, 3439, 3595, 3610, 3639, 3660, 3681, 3691, 3705, 3739, 3743, 3749, 3750, 3772, 3781, 3787, 3881, 3883, 3888, 3893, 3914, 3925, 3955, 4066, 4079, 4249, 4274, 4330, 4520, 4644, 4810]",CCC1=CC=CC(Br)=C1C(=O)OCCC2CC2,0.7687158864642404
"[231, 325, 340, 609, 646, 676, 1150, 1417, 1565, 1605, 2126, 2258, 2261, 2305, 2546, 2948, 2974, 3024, 3156, 3157, 3207, 3223, 3395, 3401, 3407, 3439, 3547, 3607, 3639, 3705, 3728, 3732, 3739, 3743, 3749, 3750, 3751, 3755, 3762, 3772, 3781, 3881, 3883, 3936, 3955, 4066, 4079, 4192, 4293, 4330, 4764, 4842]",O=C(N)C1=CC=CC=C1Cl,0.65540638226015
"[0, 231, 296, 340, 374, 400, 437, 604, 607, 619, 677, 1192, 1590, 1646, 2258, 2546, 2974, 3150, 3223, 3294, 3368, 3401, 3607, 3618, 3691, 3705, 3708, 3711, 3728, 3732, 3743, 3749, 3751, 3756, 3772, 3781, 3808, 3820, 3881, 3883, 3893, 3947, 3955, 3956, 3999, 4018, 4031, 4066, 4079, 4192, 4286, 4293, 4556, 4716]",O=C(NC1=CC=C(Cl)C=C1)N2CCC3(CC2)CCCC3O,0.8340287758396249
"[296, 299, 340, 345, 437, 443, 475, 503, 591, 609, 620, 628, 664, 676, 1192, 1451, 1563, 1662, 1792, 2261, 2427, 2546, 2671, 2694, 2974, 3024, 3156, 3162, 3368, 3559, 3639, 3658, 3681, 3709, 3732, 3743, 3749, 3750, 3751, 3757, 3772, 3781, 3820, 3881, 3883, 3896, 3920, 3925, 4018, 4031, 4066, 4079, 4289, 4292, 4293, 4330, 4540]",O=C(NC1=CC=C(CCCCC2CCCC)C2)C=C1C3=CC=C(F)C=C3,0.654135019124329
"[0, 231, 296, 297, 298, 340, 409, 437, 465, 589, 604, 619, 628, 1145, 1153, 1565, 1591, 1641, 1645, 1915, 2126, 2217, 2259, 2261, 2305, 2427, 2546, 2974, 3012, 3150, 3178, 3223, 3381, 3547, 3559, 3595, 3601, 3639, 3645, 3670, 3681, 3691, 3701, 3703, 3711, 3734, 3739, 3740, 3743, 3749, 3750, 3751, 3758, 3772, 3781, 3786, 3820, 3883, 3896, 3925, 3927, 3936, 3955, 4079, 4204, 4330, 4498, 4515, 4812]",CC(C)CCC1=CC=CC=C1CC,0.6536055478963457
"[13, 296, 340, 434, 437, 443, 466, 581, 589, 604, 646, 668, 972, 1064, 1153, 1451, 1963, 2261, 2720, 2974, 3048, 3178, 3223, 3435, 3616, 3691, 3703, 3706, 3728, 3732, 3739, 3743, 3749, 3772, 3780, 3787, 3820, 3888, 3914, 3925, 3936, 3955, 3998, 3999, 4041, 4052, 4079, 4236, 4260, 4292, 4319, 4330, 4819]",CC1=CC=C(Br)C=C1CN2CCCC2CCC=3C=C=3,0.717431936902053
"[0, 296, 297, 340, 343, 443, 457, 565, 604, 619, 637, 668, 1143, 1653, 2258, 2261, 2263, 2264, 2443, 2546, 2974, 3049, 3223, 3348, 3454, 3639, 3658, 3660, 3680, 3681, 3691, 3700, 3703, 3705, 3708, 3728, 3732, 3739, 3740, 3743, 3749, 3750, 3756, 3762, 3772, 3787, 3881, 3883, 3888, 3925, 3999, 4031, 4079, 4292, 4325, 4330, 4658, 4812, 4842]",CN1CCCC1OCC=C(Br)Br,0.794229969857583
"[0, 222, 231, 296, 340, 367, 374, 437, 559, 589, 604, 609, 646, 676, 1644, 2261, 2546, 2594, 2666, 2974, 2978, 3206, 3223, 3545, 3595, 3639, 3660, 3680, 3691, 3721, 3728, 3739, 3740, 3743, 3749, 3750, 3751, 3772, 3778, 3780, 3781, 3808, 3865, 3881, 3883, 3925, 3941, 3955, 4236, 4293, 4330, 4694, 4763]",COC1=CC=C(Br)C=C1NCCC2NCC(C)C2=O,0.872162892485207
"[26, 222, 296, 297, 340, 343, 427, 550, 553, 604, 607, 619, 620, 1202, 1563, 1641, 2261, 2666, 2885, 2974, 3178, 3223, 3401, 3545, 3639, 3660, 3667, 3691, 3708, 3732, 3740, 3749, 3751, 3762, 3772, 3781, 3785, 3820, 3868, 3881, 3883, 3920, 3925, 3999, 4031, 4066, 4079, 4285, 4330, 4644, 4719]",N#CC1=CC=CC(C23CCCCN2CC4=CCC(C)C)=C4C31,0.7644366714052487
"[296, 297, 340, 343, 437, 503, 604, 607, 620, 637, 676, 1470, 1641, 2134, 2258, 2259, 2261, 2546, 2948, 2974, 2976, 2980, 3024, 3048, 3075, 3223, 3398, 3406, 3429, 3547, 3639, 3646, 3648, 3660, 3691, 3728, 3729, 3740, 3741, 3749, 3750, 3751, 3756, 3772, 3774, 3787, 3868, 3881, 3891, 3920, 3925, 3933, 3941, 3945, 4031, 4079, 4284, 4294, 4812]",NC(=O)CC1COCC1CCC2=CC=C(F)C=C2F,0.8889135029550322
"[16, 296, 340, 343, 382, 457, 604, 607, 637, 646, 664, 668, 1641, 1787, 1792, 2190, 2258, 2261, 2264, 2546, 2672, 2974, 3152, 3178, 3223, 3559, 3601, 3691, 3707, 3728, 3732, 3739, 3749, 3756, 3772, 3781, 3782, 3881, 3883, 3925, 3956, 3986, 3999, 4031, 4079, 4192, 4236, 4280, 4285, 4293, 4330, 4728, 4733]",CC1=CC(C)=CC=C1NC2CCNCC23CC3,0.8160891801561739
"[0, 19, 297, 340, 343, 382, 437, 609, 619, 637, 646, 676, 1147, 1153, 1192, 1406, 1641, 1775, 1785, 2124, 2261, 2262, 2265, 2974, 3024, 3156, 3190, 3578, 3595, 3639, 3664, 3670, 3681, 3728, 3732, 3734, 3740, 3749, 3750, 3751, 3756, 3772, 3820, 3881, 3914, 3925, 3955, 3999, 4066, 4079, 4248, 4258, 4280, 4287, 4292, 4293, 4294, 4330, 4445, 4763]",O=C(C1=CC=C(Cl)C=C1)N2CCN(CC2)CCC=CC=3C=C=3,0.779573773893903
"[0, 1, 296, 297, 301, 345, 367, 423, 628, 637, 646, 664, 668, 1138, 1192, 2258, 2263, 2433, 2546, 2974, 3024, 3280, 3395, 3454, 3595, 3610, 3639, 3660, 3682, 3696, 3711, 3728, 3732, 3743, 3749, 3750, 3751, 3762, 3772, 3787, 3881, 3913, 3925, 3942, 3955, 3956, 3999, 4079, 4080, 4292, 4295, 4335, 4497, 4728]",CC1=CC=CC=C1C(=O)CCCC2CC2,0.6643457237357054
"[1, 296, 297, 340, 374, 434, 443, 581, 607, 619, 646, 757, 1152, 1192, 1470, 1795, 2149, 2259, 2263, 2516, 2720, 2974, 3082, 3223, 3280, 3348, 3374, 3433, 3601, 3639, 3646, 3653, 3659, 3660, 3670, 3680, 3681, 3691, 3702, 3728, 3732, 3739, 3740, 3743, 3749, 3750, 3756, 3772, 3780, 3781, 3820, 3883, 3925, 3947, 4066, 4079, 4236, 4293, 4319, 4325, 4330, 4530]",NCCN(CCC)CCCC1CCCCC2CCCCCC21,0.6960202743136923
"[0, 13, 125, 296, 297, 380, 434, 609, 676, 757, 838, 1192, 1785, 1786, 2258, 2261, 2546, 2597, 2694, 2854, 3148, 3155, 3223, 3374, 3395, 3398, 3549, 3629, 3639, 3660, 3681, 3728, 3734, 3739, 3740, 3749, 3750, 3751, 3762, 3772, 3774, 3781, 3784, 3787, 3820, 3865, 3868, 3881, 3883, 3891, 3914, 3939, 3955, 3956, 4079, 4330, 4694]",O=C(NC1=CC=CCl)C=C1Cl,0.6713026449088167
"[296, 340, 429, 437, 465, 466, 587, 604, 637, 676, 677, 760, 1451, 1644, 1646, 2261, 2974, 3073, 3148, 3156, 3199, 3205, 3223, 3282, 3533, 3559, 3594, 3601, 3639, 3660, 3667, 3680, 3691, 3703, 3728, 3732, 3734, 3740, 3741, 3749, 3752, 3755, 3772, 3780, 3784, 3785, 3820, 3881, 3913, 3941, 3955, 4079, 4294, 4330, 4522, 4756]",CC=CC=C(N1)CCCCC1C(=O)C2=C=C2,0.7332085105973691
"[44, 188, 231, 296, 298, 340, 437, 443, 482, 604, 607, 609, 619, 668, 676, 1192, 1534, 1786, 1792, 2261, 2546, 2710, 2974, 2980, 3024, 3223, 3282, 3433, 3559, 3639, 3644, 3647, 3681, 3700, 3705, 3728, 3739, 3740, 3741, 3749, 3750, 3751, 3755, 3762, 3781, 3785, 3787, 3820, 3868, 3881, 3883, 3913, 3914, 3920, 3925, 3989, 4066, 4079, 4292, 4293, 4330, 4580]",C1NCCN1CCOC2=CC=C(Cl)C=C2Cl,0.8990908604649872
"[26, 296, 343, 362, 374, 437, 457, 503, 604, 619, 646, 1147, 1192, 1563, 1565, 2261, 2263, 2546, 2948, 2974, 3033, 3162, 3223, 3407, 3595, 3605, 3681, 3705, 3718, 3728, 3740, 3743, 3749, 3750, 3756, 3762, 3772, 3776, 3781, 3881, 3883, 3888, 3925, 3935, 3947, 3955, 4079, 4274, 4294, 4330, 4664, 4852]",OC(CN1CCCCC1)CCC2CC=C=C=C2,0.737518418844096
"[0, 1, 13, 24, 400, 604, 637, 653, 668, 676, 838, 1159, 1172, 1192, 1797, 2413, 2427, 2710, 3159, 3178, 3223, 3381, 3401, 3639, 3680, 3691, 3705, 3711, 3728, 3739, 3749, 3750, 3772, 3781, 3785, 3787, 3881, 3883, 3914, 3925, 4066, 4192, 4280, 4292, 4330]",CC(C)C(C)C(C)NC1=CC=C(N2CCOCC2)C=C1C3CC3,0.8364354469025597
"[26, 296, 297, 437, 443, 466, 581, 589, 604, 620, 628, 637, 668, 676, 838, 2266, 2305, 2546, 2974, 2980, 3024, 3080, 3223, 3368, 3639, 3644, 3658, 3691, 3709, 3718, 3728, 3732, 3739, 3740, 3743, 3749, 3750, 3751, 3755, 3762, 3772, 3774, 3778, 3782, 3787, 3881, 3914, 3925, 3941, 4052, 4079, 4203, 4236]",CN(C)C=CCNC(=O)CCCC1CCCC=C=C1,0.7155463673710376
"[0, 231, 340, 381, 604, 609, 638, 646, 653, 668, 838, 1147, 1152, 1153, 1192, 1403, 1404, 1405, 1434, 1523, 1565, 1786, 2217, 2261, 2549, 2974, 2985, 3156, 3223, 3368, 3433, 3439, 3545, 3607, 3629, 3639, 3681, 3700, 3708, 3709, 3734, 3739, 3740, 3743, 3749, 3751, 3772, 3780, 3781, 3787, 3881, 3883, 3945, 3947, 3956, 4031, 4066, 4069, 4079, 4286]",CCNC(CC)CCC(C)C#N,0.66033213739698
"[297, 301, 306, 340, 345, 382, 443, 565, 604, 619, 668, 676, 935, 1138, 1150, 1192, 2150, 2437, 2546, 2547, 2650, 2666, 2974, 3024, 3077, 3155, 3156, 3159, 3178, 3199, 3223, 3294, 3335, 3528, 3590, 3595, 3610, 3644, 3691, 3709, 3739, 3740, 3741, 3743, 3749, 3750, 3772, 3781, 3787, 3881, 3883, 3891, 3893, 3896, 3914, 3920, 3925, 3947, 3955, 3999, 4031, 4079, 4262, 4728, 4852]",C1OC=CC=CC21NCCC(NC(=O)C3CCCCC3)C2=C=C,0.770397789519731
"[0, 52, 227, 231, 296, 340, 343, 382, 437, 443, 604, 628, 638, 677, 1150, 1172, 1192, 1563, 1565, 1591, 2261, 2546, 2720, 2974, 2978, 3024, 3156, 3178, 3407, 3454, 3595, 3639, 3653, 3660, 3681, 3728, 3739, 3740, 3741, 3750, 3751, 3762, 3772, 3781, 3820, 3868, 3881, 3883, 3906, 3914, 3918, 3925, 3927, 3942, 3999, 4022, 4079, 4267, 4290, 4292, 4293, 4590, 4658, 4802, 4809, 4842]",O=C(N)C1=CC=CC=C1Cl,0.65540638226015
"[0, 340, 437, 443, 457, 466, 550, 604, 609, 619, 676, 1503, 1641, 1749, 2261, 2264, 2427, 2546, 2974, 3077, 3151, 3156, 3206, 3223, 3573, 3610, 3639, 3703, 3705, 3709, 3732, 3739, 3740, 3749, 3750, 3751, 3755, 3756, 3772, 3774, 3778, 3781, 3784, 3787, 3881, 3883, 3920, 3925, 3933, 3942, 4031, 4079, 4327, 4609]",N1C=CC=C1NCC2NCCCC2C,0.6849215158096131
"[0, 296, 297, 301, 340, 547, 619, 620, 638, 646, 1192, 1405, 1470, 1636, 1641, 1644, 1723, 2264, 2546, 2666, 2713, 2974, 3057, 3223, 3368, 3395, 3406, 3454, 3545, 3618, 3639, 3644, 3653, 3658, 3705, 3728, 3732, 3740, 3743, 3749, 3751, 3756, 3759, 3772, 3781, 3788, 3881, 3883, 3888, 3893, 3916, 3925, 3927, 3955, 3999, 4060, 4079, 4292, 4540, 4593, 4694, 4812]",NC=CC=C(CC1CCCC(O)OC1C=2C)C=C=2,0.6995023771945931
